sampleid	Date	Latitude	Longitude	polygon	Sample	site_nr	site_name	utm_x	utm_y	bio_stratum	design_stratum	region	cluster	cluster_name	nat_biodiv_pct	precipitation_dmi	bare_soil_mean	moss_cover_mean	lichen_cover_mean	veg_height_mean	soil_class	airtemp_sd_all	soilm_trimmean_may	vpd_mean_day	surfacetemp_sd_all	light_sd_all	leaf_c_avg	leaf_n_avg	leaf_np_avg	leaf_p_avg	soil_n_avg	soil_p_avg	soil_c_avg	soil_ph_avg	sfi	smi	litter_mass	org_mat	canopy_high_perc	canopy_low_perc	cow_badv3	deer_badv3	hare_badv3	horse_badv3	sheep_badv3	dung_pa	dung_sum	treedensity_40dbh_dec	treedensity_40dbh_con	trees_40dbh_count	trees_40dbh_nospecies	deadwood_badv3	deadwood_vol_ha	flower_vol_sum	ellenberg_f	ellenberg_l	ellenberg_n	ellenberg_n_ph	ellenberg_r	spatcon_1000_pct	spatcon_2000_pct	spatcon_500_pct	spatcon_5000_pct	temp_con	plant_rich	plant_rich_rl	moss_rich	moss_rich_rl	lichen_rich	lichen_rich_rl	fungi_rich	fungi_rich_rl	collembol_rich	gastropod_rich	carabid_rich	carabid_rich_rl	apoidea_rich	apoidea_rich_rl	araneae_rich	araneae_rich_rl	syrphidae_rich	syrphidae_rich_rl	arthropod_rich_other	marker
NV001	2014-11-17	57.62825590560654	10.363237639336317	POLYGON((10.363613100000066 57.628099,10.363527194890708 57.62845584945127,10.362860687498255 57.62840985295741,10.362946599999987 57.628053,10.363613100000066 57.628099))	NV001	1	R�bjerg Kirke	581439,69	6388139,47	EarlyDryPoor	EarlyDryPoor	Njut	NV	Vendsyssel	60,11	765,50	4,00	35,00	17,50	8,06	Sand	4,04	9,48	0,48	10,76	5984,31	45,59	1,75	8,82	0,20	301,42	21,74	8195,76	5,27	2,76	4,83	217,29	0,00	3,41	2,76	0,00	0,00	3,27	0,27	0,00	1	3,55	0,00	0,00	0	0	0,00	0,00	60,57	4,81	7,00	2,49	0,64	3,90	51,67	50,00	60,00	18,33	4	29	0	12	0	26	6	39	1	9	0	8	2	3	0	22	1	4	0	68	ITS
NV002	2014-11-18	57.5882307375288	10.078035024974618	POLYGON((10.077678800000058 57.5880631,10.07834783313183 57.58803962153103,10.078391632671696 57.58839822154617,10.077722600000016 57.5884217,10.077678800000058 57.5880631))	NV002	2	Uggerby Stand	564449,3	6383379,45	EarlyWetRich	EarlyWetRich	Njut	NV	Vendsyssel	34,66	760,20	15,00	40,00	0,00	16,00	Sand	3,36	71,98	0,33	6,20	4708,85	43,56	2,16	9,51	0,23	26,22	16,57	88,51	7,94	4,31	7,51	326,70	3,75	0,00	1,08	0,00	0,00	0,00	0,00	0,00	0	0,00	0,00	0,00	0	0	0,00	0,00	49,88	7,81	6,24	4,71	0,76	6,18	2,00	1,00	8,00	0,50	1	68	0	22	1	6	0	32	1	7	5	0	0	2	0	18	0	13	0	79	ITS
NV003	2014-11-17	57.64476174428344	10.40403332809187	POLYGON((10.404483000000027 57.64468,10.404190338446256 57.6450033903279,10.403592330564834 57.64484839314957,10.403884999999946 57.644525,10.404483000000027 57.64468))	NV003	3	R�bjerg Mile	583804,52	6390025,19	EarlyWetPoor	EarlyWetPoor	Njut	NV	Vendsyssel	70,45	733,90	26,25	0,50	0,00	7,19	Sand	2,85	71,41	0,22	4,66	4707,29	44,95	2,04	11,37	0,18	81,39	5,50	933,50	4,55	2,69	7,44	8,33	0,00	0,00	0,00	0,00	0,00	0,00	0,00	0,00	0	0,00	0,00	0,00	0	0	0,00	0,00	109,30	8,69	5,91	2,90	0,58	4,97	13,33	4,33	20,00	0,83	2	35	1	13	0	0	0	6	1	2	0	8	2	1	0	14	0	2	0	63	ITS
NV004	2014-11-18	57.51694963994958	9.926179851749456	POLYGON((9.925813100000028 57.5167832,9.926479480432363 57.516750968377885,9.92653947979079 57.517108768406345,9.92587309999999 57.517141,9.925813100000028 57.5167832))	NV004	4	Kj�rsg�rd	555479,38	6375310,31	Agricultural	Field	Njut	NV	Vendsyssel	4,13	763,40	20,00	2,00	0,00	74,75	Sand	3,71	18,61	0,28	4,70	2255,35	45,56	3,43	9,13	0,38	270,51	54,04	820,72	5,69	4,86	5,22	24,26	0,00	0,00	0,00	0,00	0,00	0,00	0,00	0,00	0	0,00	0,00	0,00	0	0	0,00	0,00	0,31	4,89	6,38	6,21	0,96	6,49	76,67	53,33	86,67	53,33	3	21	0	5	0	0	0	4	0	11	0	20	0	0	0	17	0	5	0	35	ITS
NV005	2014-11-18	57.517729416980714	9.879971528403713	POLYGON((9.880434700000023 57.5176619,9.880110338264672 57.51797654987436,9.879524430412516 57.5178023525886,9.87984879999999 57.5174877,9.880434700000023 57.5176619))	NV005	5	Vandplasken	552708,44	6375363,04	EarlyWetRich	Hotspot	Njut	NV	Vendsyssel	90,17	763,40	21,25	20,00	0,00	14,06	Sand_clay	3,49	72,09	0,31	5,26	3348,38	45,25	2,43	11,89	0,20	192,37	15,51	5603,03	7,75	4,78	7,52	31,46	0,00	0,00	0,00	0,08	0,00	0,00	0,00	0,00	1	0,08	0,00	0,00	0	0	0,00	0,00	275,32	7,15	6,81	3,30	0,57	5,76	5,67	2,00	13,33	0,40	4	96	5	43	3	11	0	85	9	8	6	3	2	1	0	20	0	3	0	57	ITS
NV006	2014-11-18	57.58099752873003	10.080329742891445	POLYGON((10.08010569999999 57.5807749,10.080744381751856 57.580884799587594,10.080539383061819 57.58122719991954,10.079900700000053 57.5811173,10.08010569999999 57.5807749))	NV006	6	Uggerby Skovvej	564599,65	6382577,45	Agricultural	Ley	Njut	NV	Vendsyssel	83,33	760,20	3,00	5,25	0,00	9,63	Sand	4,29	12,04	0,33	10,40	5441,04	44,83	1,97	5,28	0,37	334,79	39,67	8231,48	5,68	3,92	4,94	47,05	0,63	0,00	0,00	0,00	0,00	0,04	0,00	0,00	1	0,04	0,00	0,00	0	0	0,00	0,00	253,90	4,49	6,74	4,02	0,72	5,56	5,00	2,33	14,00	1,33	2	48	0	8	0	4	1	22	0	7	5	5	0	1	0	27	2	11	0	89	ITS
NV007	2014-11-18	57.59031134617414	10.05718600342865	POLYGON((10.057574799999998 57.5904518,10.056918407894045 57.590524915333056,10.05678210630299 57.59017341547977,10.05743849999999 57.5901003,10.057574799999998 57.5904518))	NV007	7	Kjul Strand	563198,46	6383593,72	EarlyWetRich	MidMoistRich	Njut	NV	Vendsyssel	45,67	760,20	0,50	1,75	0,00	105,00	Sand	3,53	58,00	0,23	4,35	2105,22	45,61	3,17	10,54	0,30	132,93	14,53	3431,62	6,80	4,96	6,91	349,43	12,50	0,00	1,61	0,00	0,00	0,00	0,00	0,00	1	0,00	0,00	0,00	0	0	0,00	0,00	8,41	7,52	5,60	5,01	0,81	6,16	3,00	1,00	7,00	0,07	1	67	0	18	0	1	0	34	0	15	9	10	0	4	0	35	0	17	0	92	ITS
NV008	2014-11-17	57.64316313887107	10.407221816157055	POLYGON((10.407555699999989 57.6433451,10.406884326609884 57.64334220484071,10.40688972666294 57.64298330484095,10.407561100000066 57.6429862,10.407555699999989 57.6433451))	NV008	8	Bunken	583990,12	6389854,31	EarlyWetPoor	MidWetPoor	Njut	NV	Vendsyssel	80,62	765,50	0,00	21,25	0,00	54,50	Sand	4,45	60,40	0,30	4,33	1204,73	46,06	2,46	12,74	0,19	245,31	31,10	7469,85	4,47	3,12	7,02	608,56	30,00	0,00	1,31	0,00	0,00	0,00	0,00	0,00	0	0,00	0,00	0,00	0	0	0,00	0,00	32,22	8,62	6,55	3,38	0,66	5,15	5,00	3,00	3,67	1,00	3	30	0	7	0	11	1	29	1	12	3	8	0	2	0	28	0	8	0	98	ITS
NV009	2014-11-18	57.596607716901964	10.241047637758989	POLYGON((10.24142900000004 57.596752,10.240768490452297 57.59681390060665,10.24065308913373 57.596460300711826,10.241313600000012 57.5963984,10.24142900000004 57.596752))	NV009	9	Tversted Plantage	574170,34	6384472,73	LateDryPoor	Plantation	Njut	NV	Vendsyssel	88,65	772,10	3,25	90,00	0,00	0,00	Sand	3,11	21,38	0,30	4,22	1063,66	45,08	1,55	4,78	0,33	76,57	2,22	1927,59	4,19	3,40	5,35	557,20	70,00	17,23	2,77	0,00	0,00	0,00	0,00	0,00	0	0,00	0,00	0,06	7	1	0,15	0,00	0,00	5,49	3,69	4,00	1,20	3,33	23,33	11,33	23,33	2,33	3	12	0	22	0	8	1	65	0	11	5	5	0	1	0	31	0	2	0	33	ITS
NT010	2014-11-16	57.11687822263699	8.655664166602023	POLYGON((8.655244400000015 57.1167711,8.655866588006347 57.11664731144027,8.656094585165192 57.116985111853936,8.655472400000008 57.1171089,8.655244400000015 57.1167711))	NT010	10	K�llingdal	479149,59	6330450,88	EarlyDryRich	EarlyDryRich	Njut	NT	Thy	29,62	870,40	0,50	19,00	0,00	13,94	Sand_clay	3,93	23,38	0,17	3,27	624,60	41,41	1,85	13,54	0,14	248,35	19,15	3728,71	6,27	4,06	5,60	12,25	0,00	0,00	0,00	0,00	0,00	0,17	0,00	0,00	1	0,17	0,00	0,00	0	0	0,00	0,00	5,50	5,02	6,70	3,59	0,61	5,90	5,67	2,67	11,33	1,33	4	51	2	15	2	2	1	41	11	12	8	4	0	1	0	34	0	1	0	86	ITS
NT011	2014-11-16	57.1446235601726	8.950819696704727	POLYGON((8.950346399999944 57.144624,8.950813855944261 57.144369340067016,8.951283249496896 57.14462294181959,8.950815799999987 57.1448776,8.950346399999944 57.144624))	NT011	11	Lild Strand	497046,4	6333482	EarlyWetPoor	EarlyMoistPoor	Njut	NT	Thy	75,22	845,00	0,00	22,50	0,75	9,94	Sand	4,90	41,71	0,41	7,99	3771,73	45,12	2,05	8,51	0,25	187,00	8,54	5860,39	4,57	3,42	6,34	62,19	27,50	0,00	0,00	0,04	0,01	0,00	0,00	0,00	1	0,05	0,00	0,00	0	0	0,00	0,00	6,88	6,09	6,78	2,43	0,68	3,57	5,33	2,67	13,33	2,33	4	33	0	26	0	19	2	54	1	7	0	8	1	2	0	22	0	1	0	66	ITS
NT012	2014-11-16	57.03753443743591	8.560297323324507	POLYGON((8.560036699999955 57.0377495,8.559902666496328 57.03739764922216,8.560549061643428 57.037324752551235,8.560683100000006 57.0376766,8.560036699999955 57.0377495))	NT012	12	Raspk�r	473347,36	6321636,52	EarlyWetPoor	LateMoistPoor	Njut	NT	Thy	99,58	870,40	7,00	17,50	0,00	21,56	Sand	4,64	37,63	0,34	5,87	1597,23	46,53	3,02	13,75	0,22	34,31	3,27	1395,38	4,95	3,42	6,21	338,78	26,25	10,24	2,64	0,00	0,20	0,00	0,00	0,00	1	0,21	0,00	0,07	0	0	0,01	0,01	151,68	6,37	6,60	2,10	0,76	2,77	21,67	7,33	31,67	3,00	3	18	0	18	0	15	6	75	1	7	1	8	0	5	0	26	0	9	2	70	ITS
NT013	2014-11-17	57.05448398669813	8.930430845717753	POLYGON((8.930039399999941 57.05463,8.930163527066497 57.05427699124018,8.930812619715425 57.05434449459621,8.930688499999974 57.0546975,8.930039399999941 57.05463))	NT013	13	T�mmerby Fjord	495752,92	6323436,49	LateWetPoor	LateWetPoor	Njut	NT	Thy	89,66	829,40	21,25	57,50	0,00	14,63	Sand	3,59	61,01	0,17	3,47	440,29	45,07	3,23	11,42	0,28	73,44	3,58	1561,37	4,24	4,38	7,15	373,70	55,00	12,45	2,71	0,00	0,37	0,00	0,00	0,00	1	0,37	0,20	0,05	3	1	0,09	0,16	0,00	6,95	5,19	3,07	0,94	3,28	6,00	2,00	13,33	0,37	2	35	1	38	0	22	4	150	2	10	6	3	0	0	0	35	0	2	0	58	ITS
NT014	2014-11-16	57.11294759978891	8.677479493435738	POLYGON((8.677259999999933 57.1131669,8.677074551867918 57.112821722378186,8.677710247673076 57.11272102559415,8.677895700000022 57.1130662,8.677259999999933 57.1131669))	NT014	14	Febbested	480429,24	6330041,18	EarlyDryPoor	MidDryPoor	Njut	NT	Thy	30,11	858,50	1,50	25,00	14,25	7,88	Sand	3,95	14,10	0,40	8,03	4893,06	43,12	1,32	6,43	0,21	204,39	3,25	6778,14	5,07	2,95	5,18	10,66	0,00	0,00	0,00	0,00	0,52	0,00	0,00	0,00	1	0,52	0,00	0,00	0	0	0,00	0,00	11,97	4,58	6,87	2,49	0,55	4,53	11,67	5,00	20,00	3,00	4	30	0	15	0	13	5	21	1	7	4	2	0	3	0	31	0	4	0	74	ITS
NT015	2014-11-16	57.064359668282115	8.64231538831343	POLYGON((8.642538800000011 57.0641365,8.642727450708549 57.064480873631645,8.642094446583542 57.06458337682284,8.641905800000018 57.064239,8.642538800000011 57.0641365))	NT015	15	Kokk�rvand	478318,42	6324607,29	EarlyDryPoor	MidMoistPoor	Njut	NT	Thy	90,65	870,40	36,25	3,00	0,25	5,00	Sand	4,90	30,84	0,46	9,58	4733,41	45,54	2,05	12,40	0,16	133,19	6,89	3478,05	4,55	3,01	5,92	90,82	13,13	0,00	0,00	0,00	0,16	1,97	0,00	0,00	1	2,13	0,00	0,00	0	0	0,00	0,00	116,40	5,96	7,28	2,29	0,69	3,33	11,67	3,67	20,00	9,00	4	26	0	20	0	14	4	37	1	5	0	10	3	7	0	15	0	9	0	52	ITS
NT016	2014-11-17	57.05072951912548	8.91669027392787	POLYGON((8.916354800000022 57.0505458,8.91701545503986 57.050545798261595,8.91701545503986 57.05090469826159,8.916354800000022 57.0509047,8.916354800000022 57.0505458))	NT016	16	Tjenestejorden	494961,69	6323036,61	Agricultural	Oldfield	Njut	NT	Thy	93,96	829,40	0,50	20,00	0,00	18,75	Sand	5,26	9,54	0,30	7,27	1951,09	44,78	1,93	4,66	0,41	387,64	50,69	9359,18	5,93	4,04	4,94	4,08	0,00	0,00	0,00	0,00	0,00	0,07	0,00	0,00	1	0,07	0,00	0,00	0	0	0,00	0,00	100,50	5,03	6,70	4,45	0,75	5,91	9,33	3,33	8,00	2,33	1	40	0	3	0	0	0	38	2	12	2	3	0	2	0	27	0	14	1	88	ITS
NT017	2014-11-17	57.04494077150725	8.911692898374577	POLYGON((8.911832600000025 57.044695,8.91213919990173 57.04501327188626,8.911554397515374 57.045179974610775,8.911247799999956 57.0448617,8.911832600000025 57.044695))	NT017	17	Tovsigvej	494653,15	6322391,79	LateDryPoor	Plantation	Njut	NT	Thy	87,11	829,40	48,25	42,00	0,00	0,81	Sand	4,06	29,09	0,34	4,91	1141,89	45,17	1,68	6,81	0,25	104,58	4,33	2687,18	4,73	3,42	5,78	424,83	31,25	8,33	2,76	0,00	0,00	0,00	0,00	0,00	0	0,00	0,10	0,03	0	0	0,11	0,13	75,25	5,87	4,89	3,26	1,07	3,04	4,67	2,33	10,00	0,70	3	20	0	21	0	22	5	116	2	7	2	7	0	1	0	24	0	4	0	48	ITS
NT018	2014-11-17	57.044891340765034	8.874774808419755	POLYGON((8.874598099999957 57.0451244,8.874348638153378 57.04479168169615,8.874960234909395 57.04465598467607,8.875209700000028 57.0449887,8.874598099999957 57.0451244))	NT018	18	�sterild	492404,99	6322387,73	EarlyWetPoor	EarlyMoistRich	Njut	NT	Thy	82,81	829,40	0,75	19,00	0,00	22,81	Sand	6,05	43,41	0,39	9,51	3638,40	45,53	2,34	9,79	0,24	302,06	31,60	7455,94	4,83	3,66	6,39	22,22	10,00	10,14	1,69	0,00	0,12	0,00	0,00	0,00	1	0,12	0,00	0,00	0	0	0,00	0,00	71,33	6,67	6,61	3,50	0,73	4,79	2,00	1,00	5,00	1,33	4	63	0	7	0	10	1	38	3	14	5	5	0	1	0	37	0	14	0	67	ITS
NH019	2014-11-19	56.85385362925919	9.862148114313733	POLYGON((9.861753799999974 56.8537287,9.862389104606564 56.853636767791144,9.862557202633184 56.85398406801693,9.86192189999997 56.854076,9.861753799999974 56.8537287))	NH019	19	Buderupholm	552575,8	6301441,4	LateDryRich	Hotspot	Njut	NH	Himmerland	89,28	785,40	71,25	1,25	0,00	0,63	Sand_clay	3,62	23,49	0,23	3,27	333,08	43,70	2,36	9,66	0,25	163,33	11,82	2681,63	5,04	5,02	5,47	1248,75	0,00	19,49	2,36	0,00	0,00	0,00	0,00	0,00	0	0,00	0,02	0,00	15	1	0,14	0,20	0,31	5,24	4,06	4,86	0,80	6,08	8,00	3,67	22,33	2,37	4	27	0	21	1	17	8	95	2	12	14	8	0	3	0	12	0	2	0	47	ITS
NH020	2014-11-19	56.81532847924316	9.83590522447845	POLYGON((9.835575699999936 56.815509,9.835567116602306 56.81514970120399,9.836223110394485 56.81514500464447,9.836231699999985 56.8155043,9.835575699999936 56.815509))	NH020	20	Urskoven	551027,73	6297142,84	LateDryPoor	LateDryPoor	Njut	NH	Himmerland	100,00	807,70	32,50	0,50	0,00	42,94	Sand	3,64	24,92	0,17	3,52	354,73	46,18	3,43	10,63	0,32	54,92	6,38	1455,00	4,65	4,07	5,56	1334,41	6,25	24,02	2,71	0,00	0,00	0,00	0,00	0,00	0	0,00	0,02	0,00	7	1	0,04	2,35	2,88	5,38	4,57	4,41	0,93	4,72	10,00	2,67	23,33	1,00	4	22	0	24	0	25	10	93	1	16	12	14	1	2	0	13	0	3	0	56	ITS
NH021	2014-11-19	56.89048763761814	9.921737672123482	POLYGON((9.922145600000022 56.8903666,9.921969120362633 56.89071274908405,9.921336112866925 56.89061645228385,9.921512600000028 56.8902703,9.922145600000022 56.8903666))	NH021	21	Skindbjerglund	556187,31	6305594,48	LateDryPoor	LateDryRich	Njut	NH	Himmerland	69,22	785,40	27,50	0,75	0,00	3,88	Sand	3,38	30,24	0,17	3,11	350,02	46,04	3,25	8,98	0,38	186,63	21,31	5980,18	4,51	4,48	5,76	2738,95	3,75	18,36	2,65	0,00	0,00	0,00	0,00	0,00	0	0,00	0,07	0,00	11	2	0,23	4,52	11,90	5,65	4,26	4,90	0,97	5,06	8,00	2,33	23,33	0,70	4	13	0	19	1	25	4	90	1	11	9	8	0	0	0	17	0	3	1	56	ITS
NH022	2014-11-19	56.937499439859344	10.216230715765334	POLYGON((10.215796100000034 56.9375844,10.21607715072389 56.93725942473819,10.216672343093023 56.93741262756514,10.216391299999941 56.9377376,10.215796100000034 56.9375844))	NH022	22	H�stemark Engskov	574000,44	6311083,17	LateWetPoor	LateMoistRich	Njut	NH	Himmerland	78,60	708,40	78,75	1,75	0,00	1,25	Organic	3,56	57,46	0,25	3,09	329,19	46,05	2,97	9,90	0,30	128,23	10,80	3728,02	4,48	3,78	6,80	1128,23	35,00	17,15	2,69	0,00	0,00	0,00	0,00	0,00	0	0,00	0,05	0,00	10	3	0,01	0,25	9,46	5,88	4,60	3,95	0,97	4,08	19,00	7,33	60,00	1,67	4	26	0	24	0	23	7	106	3	10	15	5	0	0	0	23	0	5	0	58	ITS
NH023	2014-11-19	56.9320218958693	10.229708320743656	POLYGON((10.229535299999952 56.9322572,10.229287415504587 56.931924299102704,10.22989681227341 56.93178920206642,10.230144699999983 56.9321221,10.229535299999952 56.9322572))	NH023	23	H�stemark Sumpskov	574846,28	6310504,06	LateWetRich	LateWetRich	Njut	NH	Himmerland	99,66	708,40	5,25	3,75	0,00	73,13	Organic	3,36	70,59	0,10	3,05	551,33	47,04	2,91	10,03	0,29	130,39	12,38	3560,51	4,58	4,43	7,37	800,96	100,00	15,69	2,77	0,00	0,01	0,00	0,00	0,00	1	0,01	0,04	0,00	10	1	0,25	0,27	34,88	7,35	5,95	4,42	0,86	5,12	11,00	3,67	23,33	2,00	4	44	1	35	1	21	6	101	1	11	18	4	0	3	0	20	0	12	1	68	ITS
NH024	2014-11-19	56.8238457498644	9.800212161513482	POLYGON((9.800359500000013 56.8236038,9.800660850975646 56.823923425805326,9.800076748563015 56.82408832853261,9.799775400000044 56.8237687,9.800359500000013 56.8236038))	NH024	24	Regan Vest	548845,8	6298055,85	LateDryRich	MidDryRich	Njut	NH	Himmerland	44,06	799,90	22,50	27,50	0,00	6,06	Sand_clay	3,48	23,77	0,10	2,83	586,16	44,19	2,86	11,54	0,25	363,80	49,00	3329,34	5,77	5,35	5,50	652,78	0,00	10,24	2,86	0,00	0,00	0,00	0,00	0,00	0	0,00	0,13	0,00	1	1	0,41	0,07	9,62	5,50	5,18	4,80	0,80	5,98	7,00	2,67	18,33	0,70	3	47	0	21	0	21	5	151	3	15	17	7	0	1	0	27	0	1	0	62	ITS
NH025	2014-11-19	56.83296984037344	9.820171628065275	POLYGON((9.820620299999973 56.832892,9.820320902562571 56.83321209643372,9.819735795001634 56.83304829917001,9.820035200000007 56.8327282,9.820620299999973 56.832892))	NH025	25	Gravlev K�r	550046,75	6299092,95	EarlyWetRich	MidWetRich	Njut	NH	Himmerland	82,07	807,70	1,25	13,00	0,00	43,50	Organic	5,47	73,48	0,25	4,73	1895,15	43,07	2,35	8,57	0,28	97,83	8,99	2792,16	5,05	4,56	7,65	219,90	100,00	0,00	0,37	0,00	0,00	0,00	0,00	0,00	0	0,00	0,00	0,00	0	0	0,00	0,00	20,75	7,92	6,49	4,53	0,78	5,80	2,00	0,67	4,33	1,00	4	74	0	17	0	2	0	35	2	20	6	3	0	1	0	31	2	21	0	85	ITS
NH026	2014-11-19	56.813734960158065	9.851021659553874	POLYGON((9.851043699999991 56.8139864,9.850552671683545 56.81374790901679,9.850987772030749 56.813479510530364,9.851478799999995 56.813718,9.851043699999991 56.8139864))	NH026	26	Rold	551953,55	6296984,85	LateDryPoor	Plantation	Njut	NH	Himmerland	82,44	807,70	61,25	0,00	0,00	1,31	Sand_clay	3,48	20,36	0,19	3,07	281,39	45,74	3,65	9,80	0,38	76,21	8,42	1769,71	4,31	4,30	5,37	1376,13	0,00	21,99	0,00	0,00	0,00	0,00	0,00	0,00	0	0,00	0,07	0,00	6	1	0,08	0,00	1,89	5,69	4,58	4,12	0,90	4,59	13,33	7,33	23,33	5,33	3	12	0	24	1	17	4	63	1	12	9	11	1	0	0	17	0	4	0	44	ITS
VU027	2014-11-12	56.31348905014221	8.128677141276404	POLYGON((8.12873609999997 56.313741,8.128222391075496 56.31352206735805,8.128616791754666 56.31323736861101,8.129130499999974 56.3134563,8.12873609999997 56.313741))	VU027	27	Husby Klit	446100,59	6241311,1	EarlyDryPoor	EarlyDryPoor	Wjut	VU	Ulfborg	54,50	838,20	0,00	18,75	26,25	10,00	Sand	5,03	2,46	0,51	11,18	5242,76	46,39	1,29	6,91	0,19	85,28	1,71	2459,55	4,55	2,87	4,65	21,60	18,75	0,00	0,00	0,00	0,00	0,06	0,00	0,00	1	0,06	0,00	0,00	0	0	0,00	0,00	134,54	5,02	7,13	2,41	0,57	4,23	11,67	4,67	33,33	2,00	3	24	0	9	0	24	5	52	0	12	0	4	0	2	0	21	0	5	1	43	ITS
VU028	2014-11-11	56.16756944709286	8.37803985872392	POLYGON((8.377869499999974 56.1673334,8.378460734792952 56.167477471243785,8.378202736030062 56.167805671781096,8.377611500000057 56.1676616,8.377869499999974 56.1673334))	VU028	28	Ejstrup Mose	461377,1	6224901,35	EarlyWetPoor	EarlyWetPoor	Wjut	VU	Ulfborg	63,44	986,70	1,75	39,75	0,00	29,81	Organic	4,66	72,30	0,34	7,44	2985,11	46,05	2,29	17,21	0,13	155,80	10,13	4213,18	4,29	3,30	7,88	170,35	100,00	0,00	1,60	0,00	0,00	0,00	0,00	0,00	1	0,00	0,01	0,01	0	0	0,01	0,00	16,32	8,42	6,87	2,09	0,63	3,31	2,00	1,00	7,67	0,37	4	51	2	37	1	20	3	34	3	5	3	4	0	1	0	36	0	14	0	66	ITS
VU029	2014-11-12	56.294945237533014	8.195216994321198	POLYGON((8.194868700000029 56.2951107,8.194924933905327 56.29475249901918,8.195570427328448 56.29478370237631,8.195514199999934 56.2951419,8.194868700000029 56.2951107))	VU029	29	S�nderbyvej	450191,29	6239197,91	Agricultural	Field	Wjut	VU	Ulfborg	15,82	856,40	20,00	0,00	0,00	15,00	Sand	2,43	12,43	0,22	4,01	2641,54	42,35	4,95	8,27	0,62	410,86	58,49	9005,76	5,85	5,84	5,10	89,57	0,00	0,00	0,00	0,00	0,00	0,01	0,00	0,00	1	0,01	0,00	0,00	0	0	0,00	0,00	5,47	4,50	6,55	6,06	0,93	6,50	78,33	68,33	86,67	35,00	3	33	0	1	0	0	0	0	0	5	0	11	0	1	0	15	0	3	0	52	ITS
VU030	2014-11-12	56.248856094427765	8.507989597025787	POLYGON((8.50842399999999 56.248918,8.50786977138091 56.2491031937743,8.507541767198404 56.2488001946417,8.508096000000023 56.248615,8.50842399999999 56.248918))	VU030	30	Lille�	469508,51	6233883,66	EarlyDryPoor	MidDryPoor	Wjut	VU	Ulfborg	96,60	974,80	4,50	6,50	0,50	21,19	Sand	5,91	13,81	0,53	9,70	3611,40	45,95	1,82	21,39	0,09	77,33	0,58	3092,60	4,60	2,11	5,35	83,73	17,50	4,55	2,40	0,00	0,00	0,02	0,00	0,00	1	0,02	0,00	0,00	0	0	0,00	0,00	32,90	5,90	5,54	2,40	0,82	2,93	28,33	33,33	43,33	13,67	4	25	0	15	0	16	2	59	1	8	1	5	0	4	0	28	0	12	0	60	ITS
VU031	2014-11-11	56.167297675163724	8.388399058236805	POLYGON((8.388152699999978 56.1675138,8.38800255623346 56.16716431351848,8.388630251887662 56.16708071669886,8.388780399999973 56.1674302,8.388152699999978 56.1675138))	VU031	31	Ejstrup Eng	462049,39	6224867,18	EarlyWetRich	MidMoistRich	Wjut	VU	Ulfborg	62,45	986,70	12,50	10,00	0,00	48,31	Sand	3,42	63,72	0,16	3,37	1037,24	44,07	2,44	8,84	0,28	112,57	13,21	2847,57	4,75	4,72	7,51	14,51	15,00	4,62	2,82	0,00	0,00	0,00	0,00	0,00	0	0,00	0,31	0,00	0	0	0,00	0,00	9,80	7,57	6,29	4,17	0,78	5,37	3,00	1,33	4,33	1,33	4	64	0	32	1	21	2	101	3	12	9	6	0	3	0	39	0	21	1	110	ITS
VU032	2014-11-11	56.17068566390365	8.372400939906916	POLYGON((8.372386300000016 56.1709372,8.371938683465942 56.17067798829917,8.372404283344508 56.17042879004895,8.3728519 56.170688,8.372386300000016 56.1709372))	VU032	32	Ejstrup Krat	461030,9	6225250,05	LateWetPoor	MidWetPoor	Wjut	VU	Ulfborg	85,80	986,70	27,00	32,50	0,00	25,81	Organic	2,86	69,04	0,19	3,14	1105,94	44,62	2,74	9,49	0,29	89,92	6,67	2262,40	5,01	4,50	7,74	246,03	100,00	4,08	2,88	0,00	0,00	0,00	0,00	0,00	0	0,00	0,15	0,00	0	0	0,06	0,00	22,93	7,72	5,96	4,05	0,85	4,77	5,67	2,67	10,67	1,33	3	61	0	46	1	33	4	107	4	12	4	6	0	5	0	35	0	16	1	72	ITS
VU033	2014-11-12	56.318025479915576	8.162412650946075	POLYGON((8.16233729999999 56.3177734,8.162859604490336 56.317986030272664,8.162476405261714 56.318275531455384,8.161954100000003 56.3180629,8.16233729999999 56.3177734))	VU033	33	Nissum	448188,69	6241791,55	LateWetRich	MidWetRich	Wjut	VU	Ulfborg	16,74	838,20	22,00	3,00	0,25	19,94	Organic	3,83	64,94	0,20	6,09	2761,29	46,31	3,11	9,42	0,34	174,60	14,46	4899,82	4,76	4,39	7,33	472,05	82,50	4,21	2,89	0,00	0,00	0,00	0,00	0,00	0	0,00	0,12	0,00	0	0	0,02	0,00	2,82	7,72	5,71	4,72	0,91	5,22	5,33	1,67	21,67	0,07	2	49	0	21	0	21	0	96	0	15	9	10	0	1	0	33	0	8	0	81	ITS
VU034	2014-11-12	56.22777187230936	8.136252705215881	POLYGON((8.135825999999952 56.227693,8.136403811863829 56.22753191839668,8.13669330822222 56.22785281907272,8.13611549999996 56.2280139,8.135825999999952 56.227693))	VU034	34	Klitvej	446447,59	6231765,31	Agricultural	Oldfield	Wjut	VU	Ulfborg	33,87	826,90	1,25	2,00	0,00	29,94	Sand	4,42	34,19	0,30	4,27	614,79	45,52	2,18	7,66	0,28	239,45	18,17	6332,69	5,25	3,42	5,99	30,10	20,00	0,00	0,00	0,00	0,00	0,00	0,00	0,00	0	0,00	0,00	0,00	0	0	0,00	0,00	5,08	5,68	6,99	4,04	0,75	5,39	4,00	1,37	8,33	0,70	3	31	0	4	0	0	0	26	1	13	1	7	0	2	0	41	0	0	0	58	ITS
VU035	2014-11-12	56.24531433269561	8.494173755234423	POLYGON((8.494502300000022 56.2451324,8.494502309171025 56.24549306309091,8.493853203057029 56.245493066488095,8.49385319999999 56.2451324,8.494502300000022 56.2451324))	VU035	35	Str�s� Plantage	468638,9	6233491,8	LateDryPoor	Plantation	Wjut	VU	Ulfborg	84,14	974,80	85,00	5,50	0,25	0,00	Sand	2,88	20,04	0,18	2,89	481,66	45,13	1,70	10,31	0,17	94,29	4,07	2965,82	5,12	3,76	5,62	1045,18	43,75	13,34	2,80	0,00	0,00	0,00	0,00	0,00	0	0,00	0,12	0,02	1	1	0,01	0,00	0,00	5,33	4,55	3,77	0,97	3,88	5,00	1,67	13,33	2,03	3	11	0	33	0	7	0	60	0	9	4	7	0	1	0	16	0	1	0	34	ITS
VO036	2014-11-11	55.819947322997514	8.174181990867911	POLYGON((8.173858999999993 55.8201249,8.173866678019749 55.81976559643243,8.17450497205482 55.819769899737295,8.174497299999985 55.8201292,8.173858999999993 55.8201249))	VO036	36	Nymindegab	448267,08	6186361,71	EarlyWetRich	EarlyMoistRich	Wjut	VO	Oksb�l	60,14	848,10	0,00	8,50	0,00	24,44	Sand	3,45	54,47	0,28	5,39	3482,90	44,04	2,12	9,23	0,23	215,90	23,15	8273,20	5,84	3,78	6,89	18,88	0,00	0,00	0,00	0,00	0,00	0,00	0,00	0,00	0	0,00	0,00	0,00	0	0	0,00	0,00	5,94	7,40	6,19	3,96	0,64	6,23	4,67	2,33	6,67	1,33	4	35	0	4	0	3	0	3	0	9	0	6	0	1	0	29	1	4	0	57	ITS
VO037	2014-11-11	55.773549959106354	8.18287893176552	POLYGON((8.182596200000035 55.7733504,8.183234286716697 55.773390501906306,8.183162987299852 55.773749401947576,8.182524899999976 55.7737093,8.182596200000035 55.7733504))	VO037	37	Houstrup Strand	448740,91	6181178,73	EarlyWetRich	EarlyWetRich	Wjut	VO	Oksb�l	54,49	848,10	17,25	24,25	0,00	12,94	Organic	2,96	71,75	0,26	6,10	5086,09	44,96	2,35	9,75	0,24	49,88	5,27	1364,46	5,14	3,62	7,64	43,03	100,00	0,00	0,63	0,00	0,00	0,00	0,16	0,00	1	0,16	0,00	0,00	0	0	0,00	0,00	24,79	7,85	6,81	3,23	0,64	5,06	2,33	1,33	6,33	1,03	4	70	1	35	2	7	1	44	1	7	1	6	0	0	0	21	0	4	0	49	ITS
VO038	2014-11-10	55.67384537731418	8.241787797875432	POLYGON((8.241760900000031 55.6735936,8.242235624201157 55.67383329252058,8.241811824495926 55.67410019398041,8.24133710000001 55.6738605,8.241760900000031 55.6735936))	VO038	38	Vr�gum K�r	452315,55	6170040,1	EarlyWetRich	Hotspot	Wjut	VO	Oksb�l	80,68	903,00	0,00	21,25	0,00	27,69	Sand	5,30	65,58	0,45	6,16	1946,84	43,08	2,24	11,13	0,20	142,30	11,86	3502,98	6,03	4,55	7,46	6,07	51,25	0,00	0,52	0,09	0,00	0,00	0,00	0,00	1	0,09	0,00	0,00	0	0	0,01	0,00	96,66	7,02	6,26	3,69	0,69	5,35	1,37	0,70	3,67	0,40	4	73	0	22	0	16	3	90	2	13	8	3	0	2	0	31	1	11	0	87	ITS
VO039	2014-11-10	55.69436656718743	8.190767792258757	POLYGON((8.190433100000064 55.6942035,8.191069716735797 55.69417853066048,8.191114016300844 55.69453733067643,8.190477399999963 55.6945623,8.190433100000064 55.6942035))	VO039	39	K�rgaard L�vklitter	449133,01	6172345,92	LateDryPoor	LateMoistPoor	Wjut	VO	Oksb�l	71,43	861,40	10,00	2,75	0,00	9,19	Sand	2,78	18,50	0,30	3,47	1011,60	44,76	1,79	10,23	0,18	334,05	22,17	9170,12	4,79	3,06	5,37	187,36	7,50	8,46	2,77	0,00	0,00	0,00	0,00	0,00	0	0,00	0,22	0,00	0	0	0,06	0,00	1,63	5,63	5,04	3,49	0,96	3,62	12,00	5,67	25,00	1,33	3	21	0	21	0	30	6	69	2	15	6	8	0	0	0	40	0	5	0	73	ITS
VO040	2014-11-11	55.79507713913339	8.212829323353704	POLYGON((8.212500200000022 55.7948969,8.213139374727007 55.79489385922678,8.21314477467672 55.795252759227026,8.212505599999986 55.7952558,8.212500200000022 55.7948969))	VO040	40	L�nne	450646,5	6183553,05	Agricultural	Ley	Wjut	VO	Oksb�l	80,48	861,70	1,25	0,00	0,00	7,63	Sand	4,72	38,04	0,32	5,02	1844,98	45,85	3,11	11,21	0,28	304,30	22,25	8347,44	5,01	4,04	6,21	5,05	0,00	0,00	0,00	0,00	0,00	0,00	0,00	0,00	0	0,00	0,00	0,00	0	0	0,00	0,00	15,70	5,62	7,03	5,54	0,91	6,07	7,00	3,67	18,33	3,67	3	29	0	0	0	0	0	6	0	8	2	7	0	2	0	32	0	15	0	72	ITS
VO041	2014-11-10	55.56296039245174	8.080258529551019	POLYGON((8.080673400000023 55.5628467,8.080461030779702 55.56318729971555,8.079858723716484 55.56306720266854,8.080071099999941 55.5627266,8.080673400000023 55.5628467))	VO041	41	Bl�vand	441992,95	6157820,4	EarlyDryRich	MidDryRich	Wjut	VO	Oksb�l	33,89	815,60	4,00	2,25	0,50	27,38	Sand	4,95	1,28	0,49	6,52	2201,86	45,53	1,65	8,03	0,21	477,76	35,34	12213,22	6,83	3,67	4,56	11,57	0,00	0,00	0,36	0,00	0,00	0,10	0,00	0,00	1	0,10	0,00	0,00	0	0	0,00	0,00	124,91	4,56	7,03	3,14	0,60	5,25	31,67	15,00	50,00	9,33	4	45	1	7	0	10	3	55	2	17	1	11	0	1	0	38	0	6	0	75	ITS
VO042	2014-11-10	55.684386375663024	8.169676918377776	POLYGON((8.169766999999979 55.6846386,8.169232547661181 55.68444066456136,8.169583648589196 55.68413936556314,8.170118099999968 55.6843373,8.169766999999979 55.6846386))	VO042	42	Breddal	447793,59	6171266,16	EarlyWetPoor	MidMoistPoor	Wjut	VO	Oksb�l	99,42	861,40	0,00	68,75	1,25	15,63	Sand	3,68	70,90	0,32	7,73	4186,92	46,65	2,11	17,14	0,12	102,61	9,25	2685,00	4,32	2,52	7,62	16,27	37,50	0,00	0,00	0,00	0,67	0,00	0,00	0,00	1	0,67	0,00	0,00	0	0	0,00	0,00	6,10	8,03	6,56	1,51	0,56	2,71	2,67	1,03	6,00	1,03	4	19	0	11	0	9	3	17	2	10	0	9	1	6	0	43	3	9	0	47	ITS
VO043	2014-11-10	55.672625956123504	8.216450411705457	POLYGON((8.216055299999994 55.6725066,8.216667434967349 55.67240681429526,8.216844332955816 55.67275191454961,8.216232200000036 55.6728517,8.216055299999994 55.6725066))	VO043	43	Fils�vej	450717,4	6169922,5	LateWetPoor	Plantation	Wjut	VO	Oksb�l	81,28	872,90	17,50	5,75	0,00	25,06	Sand	2,96	54,69	0,23	3,62	1844,65	44,93	2,88	7,72	0,38	271,73	37,62	10474,12	4,98	3,97	6,94	749,26	0,00	8,66	2,95	0,00	0,00	0,00	0,00	0,00	0	0,00	0,11	0,00	0	0	0,09	0,09	0,00	6,51	6,02	4,29	0,91	4,70	2,33	0,70	5,67	0,70	2	33	0	30	0	23	1	65	1	6	5	13	0	2	0	39	0	5	0	55	ITS
VD044	2014-11-06	55.143240108688154	8.897725824769198	POLYGON((8.897794200000021 55.1429886,8.89816837368744 55.1432773604329,8.897663472737804 55.14349106251954,8.897289300000011 55.1432023,8.897794200000021 55.1429886))	VD044	44	Lovrup	493481,4	6110733,35	EarlyDryRich	EarlyDryRich	Wjut	VD	Draved	68,07	900,70	4,25	15,00	0,00	5,69	Sand_clay	4,35	34,60	0,34	9,86	4465,94	44,03	2,59	9,89	0,28	232,31	14,72	7410,70	4,96	3,66	6,12	172,68	0,00	13,35	2,78	0,13	0,00	0,34	0,00	0,00	1	0,48	0,02	0,00	0	0	0,00	0,00	29,74	5,62	6,28	3,26	0,74	4,40	1,00	0,37	3,67	0,37	4	54	0	15	0	27	2	59	2	8	4	8	2	8	0	38	0	13	0	113	ITS
VD045	2014-11-06	55.173234721586404	8.935188728461378	POLYGON((8.934979300000009 55.1734624,8.934791073014935 55.173118940136014,8.935392469454882 55.173011443095334,8.935580699999946 55.1733549,8.934979300000009 55.1734624))	VD045	45	Helm Hede	495874	6114066,95	EarlyWetPoor	EarlyMoistPoor	Wjut	VD	Draved	91,37	900,70	5,75	11,25	1,25	12,69	Sand	4,67	54,43	0,36	8,59	5632,74	45,79	2,70	15,29	0,18	237,23	8,83	6042,39	4,69	2,91	6,98	57,82	0,00	0,00	0,00	0,10	0,11	0,00	0,00	0,00	1	0,21	0,00	0,00	0	0	0,00	0,00	255,09	6,70	6,33	2,42	0,74	3,25	14,00	5,67	23,33	1,33	4	33	0	27	0	13	2	35	3	15	3	13	2	1	0	28	0	12	0	67	ITS
VD046	2014-11-06	55.01160878103746	8.959108716723776	POLYGON((8.959117200000037 55.011351,8.959547262767956 55.01161241543696,8.959091362599565 55.01185901714111,8.958661300000017 55.0115976,8.959117200000037 55.011351))	VD046	46	Lindestykket	497379,95	6096050,55	LateWetRich	Hotspot	Wjut	VD	Draved	54,36	867,90	60,00	2,50	0,00	1,75	Sand	2,18	51,78	0,17	1,47	69,42	43,47	2,78	11,82	0,24	169,84	18,19	5064,06	4,53	4,32	6,81	808,50	3,13	16,59	2,65	0,00	0,00	0,00	0,00	0,00	1	0,00	0,21	0,00	13	4	0,12	0,84	16,29	5,84	4,43	4,95	0,93	5,32	11,00	4,00	26,67	1,03	4	46	0	20	0	19	5	102	2	22	11	14	2	5	0	25	0	3	0	58	ITS
VD047	2014-11-06	55.20717377939582	8.951035933142142	POLYGON((8.951114800000028 55.2069222,8.951475944141976 55.20721656115809,8.950960242997326 55.20742256333316,8.950599099999977 55.2071282,8.951114800000028 55.2069222))	VD047	47	Lindet	496881,6	6117838,2	LateDryPoor	LateDryPoor	Wjut	VD	Draved	92,52	900,70	60,00	1,25	0,00	1,75	Sand_clay	2,63	24,76	0,25	3,28	1697,16	45,04	3,53	11,64	0,33	213,38	5,97	5966,88	4,50	4,39	5,70	795,35	10,00	22,09	2,83	0,00	0,00	0,00	0,00	0,00	0	0,00	0,14	0,01	10	2	0,11	2,41	238,00	5,59	4,81	3,95	1,01	3,91	7,67	3,00	16,00	0,37	4	23	0	16	0	20	4	108	1	12	8	6	1	5	0	29	0	6	0	75	ITS
VD048	2014-11-06	55.292842241792	9.05924242553087	POLYGON((9.059348699999987 55.2925932,9.059676078155235 55.292901688941356,9.059134276488408 55.293088091339484,9.058806900000036 55.2927796,9.059348699999987 55.2925932))	VD048	48	Gram Slot	503771,2	6127398,65	LateDryPoor	LateDryRich	Wjut	VD	Draved	24,90	904,10	95,00	0,00	0,00	0,00	Sand_clay	3,72	29,31	0,21	2,98	258,42	46,52	3,90	7,39	0,53	187,91	20,34	4607,95	4,54	5,07	5,90	779,08	10,00	15,03	2,83	0,00	0,00	0,00	0,00	0,00	0	0,00	0,16	0,00	1	1	0,26	8,14	12,00	5,19	4,14	5,17	1,01	5,14	4,67	2,67	9,33	0,70	4	18	0	18	0	13	1	106	1	12	2	8	0	0	0	20	0	2	0	47	ITS
VD049	2014-11-06	55.01529721270589	8.973601980740959	POLYGON((8.973394600000006 55.0155234,8.973214963666578 55.01517892465251,8.97381576004841 55.01507592761194,8.973995400000035 55.0154204,8.973394600000006 55.0155234))	VD049	49	Gr�nnevej	498339,14	6096492,48	LateWetRich	LateMoistRich	Wjut	VD	Draved	98,65	867,90	30,00	1,50	0,00	2,19	Clay	2,20	45,88	0,08	1,36	293,54	44,74	3,00	13,91	0,22	325,38	37,49	7358,92	4,59	4,82	6,56	537,87	0,00	20,24	2,73	0,00	0,00	0,00	0,00	0,00	0	0,00	0,10	0,01	10	2	0,11	0,43	49,51	5,74	4,44	5,30	0,90	5,88	25,00	7,00	46,67	1,00	3	59	0	20	0	18	5	118	2	16	11	12	0	1	0	28	0	4	0	62	ITS
VD050	2014-11-06	55.01804907544279	8.985720946694878	POLYGON((8.986097599999994 55.0179137,8.985958070245601 55.01826434024732,8.985346463676251 55.01818434331403,8.985486000000037 55.0178337,8.986097599999994 55.0179137))	VD050	50	Gr�bjerg Mose	499012,4	6096769	LateWetPoor	LateWetPoor	Wjut	VD	Draved	42,88	867,90	52,50	8,25	0,00	3,13	Sand	2,65	57,18	0,20	2,52	512,08	44,15	3,27	10,48	0,33	170,88	9,74	5140,65	4,28	4,24	7,04	918,71	12,50	12,45	2,71	0,00	0,02	0,00	0,00	0,00	1	0,02	0,49	0,03	1	1	0,11	0,19	0,00	6,51	5,57	4,04	1,03	3,93	7,33	3,33	18,33	0,70	3	22	0	28	0	25	2	75	3	15	8	14	2	1	0	30	0	0	0	54	ITS
VD051	2014-11-06	55.29253231530229	9.06771410141428	POLYGON((9.06744649999996 55.2923274,9.06807507364283 55.292372151955604,9.067996474263055 55.29273005200607,9.067367900000022 55.2926853,9.06744649999996 55.2923274))	VD051	51	Gram �	504292,12	6127347,77	LateWetRich	LateWetRich	Wjut	VD	Draved	45,07	904,10	0,75	36,25	0,00	39,75	Clay	2,52	72,50	0,06	2,30	949,42	44,12	3,24	9,27	0,36	96,04	6,81	2427,05	5,02	6,30	7,76	391,27	100,00	21,30	2,58	0,00	0,00	0,00	0,00	0,00	0	0,00	0,19	0,00	0	0	0,26	0,34	47,88	7,43	5,59	5,94	0,99	6,02	4,33	1,33	10,00	0,07	3	38	0	19	0	21	6	121	4	12	14	7	0	3	0	29	0	7	0	72	ITS
VD052	2014-11-06	55.184806772423805	8.949744147008436	POLYGON((8.949504499999989 55.1850228,8.949361583234804 55.18467241748273,8.949975279094929 55.18459082056388,8.95011820000002 55.1849412,8.949504499999989 55.1850228))	VD052	52	Damvej	496807,52	6115355,54	LateDryPoor	Plantation	Wjut	VD	Draved	88,81	900,70	32,50	55,00	0,25	0,00	Sand	2,40	24,68	0,16	2,46	569,58	45,70	2,12	12,18	0,18	165,10	4,41	4998,62	4,33	2,96	5,70	595,07	0,00	12,51	2,79	0,00	0,00	0,00	0,00	0,00	1	0,00	0,00	0,08	0	0	0,18	0,00	0,00	6,10	5,78	3,63	1,03	3,52	23,33	9,00	38,33	2,67	2	16	0	23	0	7	0	59	0	15	2	5	0	5	0	32	0	7	1	40	ITS
EM053	2014-11-13	56.19641919880995	10.531290480264916	POLYGON((10.531492500000013 56.1966238,10.530889611017756 56.196494916231494,10.531085411806998 56.196211416540834,10.531688300000042 56.1963403,10.531492500000013 56.1966238))	EM053	53	Elbjerg	595013,75	6228997	EarlyDryRich	EarlyDryRich	Ejut	EM	Mols	50,44	633,40	0,00	5,25	0,00	21,56	Sand_clay	3,02	18,88	0,24	3,59	1168,84	45,68	2,63	11,66	0,23	297,35	53,08	2687,58	5,49	4,35	5,03	2,55	0,00	0,00	0,00	0,03	0,00	0,00	0,07	0,00	1	0,11	0,00	0,00	0	0	0,00	0,00	141,96	4,94	6,70	3,89	0,68	5,75	22,33	11,33	27,33	3,00	4	61	0	10	0	2	0	64	10	13	3	13	0	3	0	24	0	6	0	93	ITS
EM054	2014-11-13	56.291562210951994	10.480204532538824	POLYGON((10.480613700000049 56.2914422,10.480415139097545 56.2917845579425,10.479798231793552 56.29167436100898,10.47999679999998 56.291332,10.480613700000049 56.2914422))	EM054	54	Kal�	591617,02	6239514,66	Agricultural	Field	Ejut	EM	Mols	23,46	664,30	35,00	0,00	0,00	23,19	Clay	4,27	23,48	0,28	5,95	2671,83	44,33	4,77	8,16	0,60	447,94	115,22	217,96	6,74	6,86	5,28	3,57	0,00	0,00	0,00	0,00	0,00	0,00	0,00	0,00	1	0,00	0,00	0,00	0	0	0,00	0,00	260,26	4,85	6,45	6,33	0,97	6,54	40,00	30,00	75,00	53,33	3	44	0	0	0	0	0	1	0	12	1	14	0	1	0	17	0	13	0	56	ITS
EM055	2014-11-13	56.29856942924817	10.848679143586907	POLYGON((10.848993699999937 56.2983782,10.849025788894778 56.298738361236914,10.848376683079437 56.298756164631456,10.848344600000019 56.298396,10.848993699999937 56.2983782))	EM055	55	Glatved	614407,9	6240839,9	EarlyDryRich	Hotspot	Ejut	EM	Mols	28,91	670,50	4,75	23,75	0,00	41,06	Sand_clay	3,96	5,56	0,29	3,40	546,78	43,28	2,37	11,26	0,21	323,90	37,39	4085,45	7,57	4,82	4,52	233,50	0,00	5,14	1,68	0,00	0,00	0,00	0,00	0,00	0	0,00	0,03	0,02	0	0	0,00	0,00	21,62	4,50	6,33	3,78	0,59	6,45	8,00	3,67	23,33	1,00	2	102	0	15	3	11	0	74	8	17	11	7	0	11	0	42	0	10	0	117	ITS
EM056	2014-11-13	56.28718470618341	10.472038151753607	POLYGON((10.471580000000017 56.2871788,10.472053630833216 56.28693382542133,10.472493524999663 56.2871958269807,10.472019899999964 56.2874408,10.471580000000017 56.2871788))	EM056	56	Hestehaven	591097,8	6239030,9	LateDryRich	LateDryRich	Ejut	EM	Mols	52,71	664,30	20,00	1,00	0,00	8,25	Clay	3,06	29,48	0,16	2,35	218,17	44,29	3,33	13,64	0,24	317,46	63,44	2513,30	4,92	5,24	5,53	1356,86	0,00	35,21	2,57	0,00	0,00	0,00	0,00	0,00	0	0,00	0,00	0,00	21	1	0,09	1,49	544,01	5,54	4,19	5,49	0,90	6,08	25,00	12,67	46,67	2,00	3	23	0	11	0	16	2	80	0	13	15	9	0	1	0	24	0	1	0	64	ITS
EM057	2014-11-13	56.2070239854201	10.523168302980732	POLYGON((10.522746999999981 56.206923,10.523345717175516 56.20678639771155,10.523591314167788 56.207119398198174,10.522992599999952 56.207256,10.522746999999981 56.206923))	EM057	57	Helligkilde	594494,37	6230172,69	EarlyDryPoor	MidDryPoor	Ejut	EM	Mols	77,29	664,30	3,00	14,50	0,00	18,06	Sand_clay	4,98	14,65	0,36	3,87	719,52	44,58	2,45	12,70	0,19	243,81	21,15	6730,14	4,78	3,24	4,90	846,66	0,00	9,88	2,40	0,00	0,00	0,00	0,00	0,05	1	0,05	0,01	0,02	0	0	0,67	0,00	332,70	5,52	6,19	3,30	0,84	3,95	8,33	5,00	18,33	2,00	4	58	0	16	0	28	4	110	2	12	1	13	1	7	0	42	0	15	0	114	ITS
EM058	2014-11-13	56.100077259400884	10.529409014607676	POLYGON((10.52968199999998 56.100254,10.529049548652438 56.10018555417445,10.5291515492479 56.09989235425852,10.529784000000063 56.0999608,10.52968199999998 56.100254))	EM058	58	Tyskert�rnet	595137,66	6218270,93	EarlyDryRich	MidDryRich	Ejut	EM	Mols	48,56	615,10	11,75	0,00	0,00	33,56	Sand	3,48	4,28	0,33	6,53	3801,06	45,18	2,28	12,57	0,18	372,10	48,83	6231,07	7,42	4,35	4,37	336,40	0,00	0,00	1,50	0,01	0,00	0,00	0,00	0,00	1	0,01	0,00	0,00	0	0	0,00	0,00	104,65	4,15	6,64	4,17	0,61	6,80	9,00	3,33	20,00	1,00	4	86	0	5	0	8	1	40	1	8	6	5	1	10	0	15	2	3	0	78	ITS
EM059	2014-11-13	56.097144433588085	10.514373844486757	POLYGON((10.514221799999973 56.0969058,10.514807361162184 56.09705558702612,10.514539162390975 56.09738178760732,10.513953600000036 56.097232,10.514221799999973 56.0969058))	EM059	59	Sletterhage	594188	6217924,05	LateDryPoor	MidMoistPoor	Ejut	EM	Mols	22,00	615,10	8,00	7,50	0,00	30,38	Sand	3,69	11,99	0,29	2,94	548,67	44,39	2,15	7,12	0,31	204,89	18,89	4534,01	6,58	4,13	4,70	669,16	13,75	4,89	2,73	0,00	0,00	0,00	0,00	0,00	0	0,00	0,20	0,00	1	1	0,17	0,20	57,03	5,87	5,39	5,36	0,90	5,96	1,70	0,70	6,67	0,07	2	63	0	11	0	19	2	115	0	18	3	10	0	16	0	37	0	18	0	98	ITS
EM060	2014-11-13	56.222418779599515	10.587326919783006	POLYGON((10.587295900000072 56.2226783,10.586866745432872 56.22240687272183,10.587354945014681 56.2221682746443,10.587784100000022 56.2224397,10.587295900000072 56.2226783))	EM060	60	Strandk�r	598417,95	6231974,35	EarlyWetRich	MidMoistRich	Ejut	EM	Mols	54,80	664,30	0,25	1,25	0,00	34,69	Sand	5,85	61,00	0,34	5,76	2435,94	45,18	2,48	9,20	0,27	490,31	56,19	13262,13	5,70	4,68	6,89	18,31	0,00	0,00	0,00	0,04	0,00	0,00	0,00	0,00	1	0,04	0,00	0,00	0	0	0,00	0,00	240,48	6,87	6,50	4,62	0,81	5,72	5,67	2,67	15,33	0,67	2	73	0	13	0	0	0	34	1	13	4	3	0	1	0	36	1	8	0	107	ITS
EM061	2014-11-13	56.22440355126884	10.562714244460363	POLYGON((10.563091600000007 56.2245393,10.562458443969035 56.22461385043135,10.562324342476359 56.224261850576504,10.562957500000039 56.2241873,10.563091600000007 56.2245393))	EM061	61	Langemose	596888,16	6232144,41	EarlyWetPoor	EarlyWetPoor	Ejut	EM	Mols	60,16	664,30	0,00	95,00	0,00	11,63	Organic	4,55	72,58	0,39	9,09	4110,22	46,78	2,04	13,09	0,16	248,79	7,20	16379,09	4,53	2,87	7,38	8,96	100,00	0,00	1,17	0,00	0,00	0,00	0,00	0,00	0	0,00	0,02	0,00	0	0	0,00	0,00	2,34	8,47	7,75	1,69	0,56	3,00	1,03	0,07	3,00	0,37	4	21	0	15	0	13	2	29	0	5	1	1	0	2	0	30	0	9	0	70	ITS
ES062	2014-10-18	56.086502916378045	9.428647975731794	POLYGON((9.428957099999934 56.0866891,9.428313169680564 56.08668312706079,9.428323869778751 56.086323927061706,9.42896780000001 56.0863299,9.428957099999934 56.0866891))	ES062	62	Urfuglebakken	NA	NA	EarlyDryPoor	EarlyDryPoor	Ejut	ES	Silkeborg	81,66	851,00	36,25	15,00	4,75	1,38	Sand_clay	4,40	2,38	0,38	8,37	5504,43	44,11	1,46	10,87	0,14	149,41	2,28	4411,68	4,73	2,67	4,66	115,36	3,13	0,00	0,00	0,00	0,07	0,34	0,00	0,00	1	0,42	0,00	0,00	0	0	0,00	0,00	55,01	5,43	6,63	2,76	0,90	3,08	10,00	3,67	30,00	1,33	1	13	0	11	0	7	1	24	2	7	0	9	3	3	0	19	0	8	0	48	ITS
ES063	2014-10-18	56.1033743034279	9.358900501115986	POLYGON((9.35932159999993 56.1034732,9.358720740153558 56.10360481520844,9.358484737292429 56.10326971565844,9.359085600000071 56.1031381,9.35932159999993 56.1034732))	ES063	63	Letmose	522323,75	6217640,95	EarlyWetPoor	MidWetPoor	Ejut	ES	Silkeborg	91,31	851,00	0,00	31,25	0,00	20,25	Organic	4,69	66,94	0,30	7,88	4079,87	46,31	2,16	11,94	0,18	157,58	7,81	4041,12	4,25	2,62	7,43	87,47	90,00	0,00	0,00	0,00	0,00	0,00	0,00	0,00	0	0,00	0,00	0,00	0	0	0,00	0,00	6,03	7,15	6,86	1,75	0,75	2,32	1,67	0,07	6,67	0,37	4	14	0	26	0	4	0	28	4	7	3	4	0	0	0	40	5	9	0	49	ITS
ES064	2014-10-16	56.053268773009194	9.704399559403305	POLYGON((9.704192599999942 56.053496,9.7039928614455 56.053154421287196,9.70460375779976 56.05304302430453,9.704803500000025 56.0533846,9.704192599999942 56.053496))	ES064	64	Moss�	543873,29	6212230,28	EarlyWetRich	EarlyMoistRich	Ejut	ES	Silkeborg	82,02	780,90	0,00	8,00	0,00	13,88	Organic	4,72	71,73	0,26	5,16	2623,68	46,10	2,57	11,07	0,23	202,25	20,84	4957,84	4,50	3,96	7,53	23,92	100,00	0,00	0,00	0,00	0,00	0,00	0,07	0,00	1	0,07	0,00	0,00	0	0	0,00	0,00	71,59	7,84	6,66	3,96	0,76	5,24	8,00	4,33	16,67	1,70	4	53	0	9	0	0	0	23	2	12	1	5	1	1	0	24	0	15	1	94	ITS
ES065	2014-10-18	56.09508487456625	9.398733973808302	POLYGON((9.398288699999966 56.0950476,9.398804031502777 56.09483199719342,9.399190326457983 56.095119298399204,9.398675000000026 56.0953349,9.398288699999966 56.0950476))	ES065	65	T�rvefladen	NA	NA	EarlyWetPoor	EarlyMoistPoor	Ejut	ES	Silkeborg	63,58	851,00	32,50	22,50	0,00	3,38	Sand	3,59	73,85	0,31	6,38	5113,50	46,66	2,54	20,63	0,12	112,58	0,15	2682,41	4,09	1,86	7,73	8,90	0,00	0,00	0,00	0,00	0,00	0,16	0,00	0,00	1	0,16	0,00	0,00	0	0	0,03	0,00	3,37	7,69	6,60	1,95	0,64	3,07	1,70	0,37	3,00	0,07	4	26	0	11	1	0	0	12	0	0	0	15	2	3	0	7	0	7	0	48	ITS
ES066	2014-10-16	56.06375636169536	9.731862068229827	POLYGON((9.731601299999966 56.0639614,9.731487457013827 56.063607736393486,9.73212035225049 56.063544239631575,9.732234199999994 56.0638979,9.731601299999966 56.0639614))	ES066	66	Odderholm	545567,8	6213415,2	EarlyWetRich	EarlyWetRich	Ejut	ES	Silkeborg	74,41	780,90	2,00	23,75	0,00	21,44	Organic	4,78	71,65	0,36	7,76	3430,97	45,75	2,26	12,51	0,18	703,82	50,40	21270,62	5,36	4,02	7,53	7,94	100,00	9,46	2,64	0,00	0,00	0,00	0,00	0,00	0	0,00	0,03	0,00	0	0	3,02	0,00	120,12	7,85	6,61	3,96	0,74	5,35	1,03	0,37	4,67	1,03	4	90	0	33	3	18	4	44	1	10	6	6	0	1	0	42	6	14	0	106	ITS
ES067	2014-10-18	56.07082642122714	9.638167768310332	POLYGON((9.637826099999984 56.0709995,9.637852982777531 56.07064020587958,9.638496676526643 56.07065520922878,9.638469799999939 56.0710145,9.637826099999984 56.0709995))	ES067	67	H�jkol	NA	NA	LateDryPoor	Hotspot	Ejut	ES	Silkeborg	91,06	829,80	7,25	28,75	0,75	14,19	Sand	5,61	5,59	0,38	10,22	4284,03	45,89	1,87	13,75	0,13	142,89	1,88	4001,91	4,70	2,81	4,77	214,12	1,88	10,12	2,65	0,00	0,04	0,00	0,00	0,00	1	0,05	0,01	0,03	2	1	0,00	0,00	2,38	5,51	5,92	3,16	0,96	3,28	2,33	1,33	5,00	1,00	4	24	0	15	0	18	7	78	0	11	4	2	0	4	0	47	4	12	0	84	ITS
ES068	2014-10-18	56.167289802127904	9.62039354320381	POLYGON((9.620701199999985 56.167098,9.62072815009492 56.16745833977619,9.62008094427506 56.16747334315744,9.620053999999982 56.167113,9.620701199999985 56.167098))	ES068	68	Haarup Sande	538526,85	6224867,7	LateDryPoor	LateDryPoor	Ejut	ES	Silkeborg	91,83	792,60	18,75	18,75	0,00	21,00	Sand_clay	3,32	17,04	0,30	3,91	1593,43	44,33	1,60	10,73	0,15	62,40	3,97	2183,60	4,62	2,88	5,20	545,52	50,00	20,79	2,72	0,00	0,00	0,00	0,00	0,00	0	0,00	0,01	0,07	5	1	0,04	0,00	30,90	5,69	6,06	2,73	1,05	2,59	36,67	15,00	81,67	5,67	3	14	0	21	0	10	1	39	0	12	5	3	0	2	0	33	0	3	0	57	ITS
ES069	2014-10-18	56.13414358479702	9.52774453460867	POLYGON((9.52788099999998 56.1339031,9.528169969488545 56.13422432257376,9.527593967087 56.134385225253226,9.52730500000007 56.134064,9.52788099999998 56.1339031))	ES069	69	Knagerne	532798,41	6221133,87	LateDryPoor	LateMoistPoor	Ejut	ES	Silkeborg	90,16	792,60	43,75	1,00	0,25	5,00	Sand	4,18	23,73	0,32	4,51	1212,59	44,99	2,47	12,96	0,19	70,37	7,15	2419,77	4,57	3,29	5,49	1137,81	8,75	23,02	2,60	0,00	0,00	0,00	0,00	0,00	0	0,00	0,07	0,00	12	1	0,15	3,14	1,24	5,64	4,87	3,79	0,98	3,88	4,67	2,33	10,00	0,37	4	23	0	25	0	19	4	97	3	17	11	6	2	1	0	23	0	3	0	72	ITS
ES070	2014-10-18	56.12617863943835	9.496266591422113	POLYGON((9.496022700000026 56.1263982,9.495873260907501 56.126048658218124,9.496499656569881 56.125965461387224,9.496649100000013 56.126315,9.496022700000026 56.1263982))	ES070	70	Gjess�vej	530848,53	6220233,76	LateWetPoor	LateWetPoor	Ejut	ES	Silkeborg	70,40	792,60	18,75	27,50	0,00	3,13	Organic	3,01	73,17	0,18	2,52	678,81	42,80	2,21	8,46	0,27	125,55	9,06	3087,25	3,94	3,95	7,61	504,48	100,00	9,82	2,70	0,00	0,00	0,00	0,00	0,00	0	0,00	0,15	0,00	0	0	0,64	0,28	0,48	7,38	5,70	4,33	0,85	5,08	3,00	1,03	7,00	0,37	3	47	0	41	1	22	2	109	3	7	12	3	0	5	0	36	1	5	0	76	ITS
EV071	2014-11-04	55.67600263070498	9.85002269629158	POLYGON((9.850471599999992 55.6759899,9.850042432195323 55.676256103143096,9.849570326062235 55.6760141049546,9.849999499999967 55.6757479,9.850471599999992 55.6759899))	EV071	71	Bjergfald	553505,84	6170325,95	LateDryRich	LateMoistRich	Ejut	EV	Vejle	60,52	751,40	48,75	15,75	0,00	6,69	Clay	2,50	48,51	0,24	4,03	2217,21	42,89	2,21	10,49	0,21	188,60	44,28	559,27	8,13	5,39	6,49	378,52	0,00	18,44	2,72	0,00	0,00	0,00	0,00	0,00	0	0,00	0,14	0,00	8	1	0,03	0,53	16,28	5,71	5,17	5,61	0,89	6,34	2,00	0,67	5,00	0,07	4	71	1	31	0	8	2	104	4	9	30	6	0	5	0	29	0	14	0	99	ITS
EV072	2014-11-04	55.69190388879596	9.730499795214822	POLYGON((9.730477500000006 55.6921586,9.7300575346693 55.69188825948186,9.730537134256679 55.69165156135094,9.730957100000069 55.6919219,9.730477500000006 55.6921586))	EV072	72	Vejle Fjord	545922,55	6172032,95	LateWetRich	LateWetRich	Ejut	EV	Vejle	33,77	794,70	17,00	2,25	0,00	98,13	Clay	1,98	72,57	0,14	2,07	1170,50	41,50	3,35	8,58	0,40	220,79	30,55	2487,74	6,24	6,30	7,59	329,54	0,00	23,45	2,77	0,00	0,00	0,00	0,00	0,00	0	0,00	0,04	0,00	16	3	0,10	0,10	27,46	6,63	5,38	6,44	0,98	6,55	1,67	0,07	2,00	0,07	3	52	0	13	0	18	4	89	2	5	24	9	0	0	0	29	0	9	0	77	ITS
EV073	2014-11-04	55.61043527140716	9.689281178769386	POLYGON((9.689453800000024 55.6106682,9.688861752249068 55.61053603067525,9.689095753455717 55.6102016311207,9.689687800000002 55.6103338,9.689453800000024 55.6106682))	EV073	73	Br�ndsted F�lled	543417,54	6162940,77	Agricultural	Ley	Ejut	EV	Vejle	46,51	805,50	3,50	6,75	0,00	16,06	Sand_clay	4,46	7,89	0,28	7,79	4871,79	45,83	2,54	8,42	0,30	272,54	27,49	6715,02	4,87	3,74	4,83	12,25	0,00	0,00	0,00	0,00	0,01	0,01	0,00	0,11	1	0,13	0,00	0,00	0	0	0,00	0,00	43,02	5,28	6,45	3,98	0,79	5,05	11,67	6,00	35,00	1,67	3	24	0	6	0	0	0	24	0	11	1	8	0	2	0	21	0	11	0	71	ITS
EV074	2014-11-04	55.60662120514966	9.693198532098851	POLYGON((9.6927551 55.6066776,9.693092713778924 55.60637305342863,9.693630706991257 55.60656335578333,9.693293100000005 55.6068679,9.6927551 55.6066776))	EV074	74	Rands Fjord	543670,7	6162514,8	EarlyWetRich	MidWetRich	Ejut	EV	Vejle	61,57	805,50	0,25	0,00	0,00	146,69	Organic	4,55	70,95	0,24	4,99	2285,05	45,34	3,07	9,44	0,33	136,21	16,09	3403,19	5,11	4,88	7,54	313,55	100,00	7,06	2,37	0,00	0,00	0,00	0,00	0,00	0	0,00	0,00	0,00	0	0	0,00	0,00	1,01	8,49	6,12	5,82	0,88	6,62	2,00	1,03	6,67	0,70	4	15	0	0	0	11	4	23	0	4	9	7	0	2	0	23	0	12	0	57	ITS
EV075	2014-11-04	55.66715753889588	9.54546396162075	POLYGON((9.545908599999962 55.6671196,9.545529819247804 55.667408517806734,9.545018112679486 55.667195119935144,9.545396900000014 55.6669062,9.545908599999962 55.6671196))	EV075	75	Svinholt	534311,5	6169168,55	EarlyDryRich	Oldfield	Ejut	EV	Vejle	30,39	833,50	0,75	7,50	0,00	29,56	Sand_clay	4,11	13,01	0,28	6,17	2972,43	43,98	2,86	6,80	0,43	172,19	40,01	2286,11	5,29	4,52	5,09	14,00	0,00	0,00	1,68	0,00	0,00	0,00	0,00	0,00	0	0,00	0,00	0,00	0	0	0,00	0,00	19,73	5,55	5,95	5,34	0,88	6,04	5,00	3,67	3,70	1,37	2	56	0	8	0	4	0	18	1	14	7	7	0	2	0	36	0	18	0	115	ITS
EV076	2014-11-04	55.68405283006455	9.856638844830167	POLYGON((9.856206199999974 55.6841073,9.856550375583993 55.68380485941986,9.857086768774934 55.6839988617581,9.856742599999961 55.6843013,9.856206199999974 55.6841073))	EV076	76	Vesterskov	553915,8	6171232,85	LateDryRich	Plantation	Ejut	EV	Vejle	63,24	751,40	56,25	0,25	0,00	6,56	Clay	2,05	24,13	0,16	1,89	348,24	43,66	2,80	10,26	0,28	232,82	55,14	759,12	4,75	4,77	5,44	619,84	0,00	25,43	2,69	0,00	0,00	0,00	0,00	0,00	0	0,00	0,08	0,00	17	1	0,08	0,00	43,11	5,82	4,55	5,54	0,94	5,93	25,00	11,33	53,33	5,33	3	33	0	8	0	5	0	91	2	15	16	6	0	2	0	30	0	1	0	63	ITS
EV077	2014-11-04	55.6893653782645	9.869146716769244	POLYGON((9.868710599999986 55.6894144,9.869070952549237 55.689117989354145,9.869596745832041 55.689321091600725,9.869236399999977 55.6896175,9.868710599999986 55.6894144))	EV077	77	Rand Skov	554670,4	6171804,7	LateDryPoor	Plantation	Ejut	EV	Vejle	55,00	751,40	56,25	10,00	0,00	1,38	Clay	3,01	20,54	0,18	3,19	282,28	45,48	2,54	12,22	0,22	265,04	40,81	3357,79	4,76	4,53	5,29	337,47	0,00	21,84	2,67	0,00	0,00	0,00	0,00	0,00	0	0,00	0,01	0,06	1	1	0,15	0,13	13,10	5,66	4,96	5,34	0,93	5,73	2,67	1,67	5,67	0,67	2	53	0	20	1	4	0	64	1	11	10	6	0	2	0	44	0	5	0	74	ITS
EV078	2014-11-04	55.691250429269076	9.752408577327351	POLYGON((9.752833799999962 55.6911717,9.752554736000548 55.6914951789546,9.75198082894326 55.691337881631014,9.752259900000013 55.6910144,9.752833799999962 55.6911717))	EV078	78	Grund Skov	547298,65	6171972,35	LateDryPoor	Plantation	Ejut	EV	Vejle	46,70	794,70	58,75	4,50	0,00	8,44	Sand_clay	2,91	20,31	0,24	3,60	1181,96	44,56	1,69	9,67	0,19	159,46	28,52	2289,01	4,65	3,28	5,34	738,55	0,00	15,45	2,87	0,00	0,00	0,00	0,00	0,00	0	0,00	0,13	0,00	0	0	0,01	0,00	51,40	5,77	4,59	4,81	0,96	5,00	12,67	6,00	19,00	3,00	2	37	0	20	1	10	2	73	1	15	13	6	0	3	0	38	0	3	0	92	ITS
SN079	2014-10-27	56.02264537739368	11.993194545110653	POLYGON((11.993416300000035 56.0228695,11.992795222579844 56.022775720334,11.992963023680659 56.022428620561755,11.993584100000021 56.0225224,11.993416300000035 56.0228695))	SN079	79	Melby Hede	686535,4	6212641,05	EarlyDryPoor	EarlyDryPoor	Zeal	SN	Nordsj�lland	69,38	699,70	21,25	11,50	4,25	3,50	Sand	4,90	2,72	0,59	7,22	3488,20	44,83	1,80	7,84	0,24	305,76	27,53	6164,82	4,85	3,20	4,44	78,80	0,00	0,00	0,00	0,00	0,00	7,07	0,00	0,00	1	7,07	0,00	0,00	0	0	0,00	0,00	18206,29	4,04	6,69	2,61	0,54	4,79	26,67	9,00	71,67	1,33	4	48	0	11	0	19	5	71	2	3	1	11	3	2	0	18	2	5	0	56	ITS
SN080	2014-10-27	56.01855101607407	11.991513349078891	POLYGON((11.991956999999957 56.0184773,11.991645696681417 56.01879202942042,11.99108258955539 56.01861803198535,11.991393900000048 56.0183033,11.991956999999957 56.0184773))	SN080	80	Melby Overdrev	686452,49	6212178,25	EarlyDryPoor	Hotspot	Zeal	SN	Nordsj�lland	76,25	699,70	3,25	18,75	11,25	11,81	Sand	5,90	2,16	0,68	7,57	1757,57	44,11	1,50	6,10	0,25	179,74	34,64	2758,39	5,01	3,10	4,42	25,79	0,00	0,00	1,24	0,00	0,04	0,38	0,00	0,00	1	0,42	0,00	0,00	0	0	0,00	0,00	258,03	4,24	6,77	2,67	0,55	4,83	31,67	9,67	93,33	1,33	4	57	0	20	0	26	6	74	3	11	4	1	0	2	0	21	1	5	0	83	ITS
SN081	2014-10-27	55.956893387408115	12.272093776991133	POLYGON((12.272548599999936 55.9569289,12.272037965564323 55.95714660546764,12.271649160507195 55.956860806691516,12.272159800000054 55.9566431,12.272548599999936 55.9569289))	SN081	81	Str�dam	704258,1	6206120	LateDryRich	LateDryPoor	Zeal	SN	Nordsj�lland	46,66	773,00	89,25	1,00	0,00	0,00	Sand	3,67	20,07	0,33	3,22	263,29	42,82	3,26	11,15	0,30	217,30	22,77	4488,75	3,94	4,05	5,30	812,53	2,50	30,94	2,50	0,00	0,00	0,00	0,00	0,00	0	0,00	0,05	0,00	6	3	0,04	1,76	4,30	5,35	3,78	5,39	0,90	6,00	12,33	4,67	26,67	2,70	4	17	0	15	0	8	0	115	2	17	12	10	0	1	0	17	0	0	0	66	ITS
SN082	2014-10-27	55.968287663384544	12.271629582273656	POLYGON((12.2720683 55.9683569,12.27151028003209 55.9685348123075,12.271192376004478 55.96822251312556,12.271750399999974 55.9680446,12.2720683 55.9683569))	SN082	82	Birkemose	704170,2	6207380,8	LateWetRich	LateMoistRich	Zeal	SN	Nordsj�lland	77,73	773,00	9,50	3,00	0,00	14,38	Organic	3,53	73,11	0,22	3,64	1099,24	43,47	2,95	12,13	0,24	190,13	15,94	4818,39	4,99	4,64	7,58	691,95	100,00	22,26	2,90	0,00	0,98	0,00	0,00	0,00	1	0,98	0,07	0,00	24	1	0,07	0,52	7,29	6,77	5,31	5,78	0,93	6,25	5,00	2,33	11,00	0,70	4	59	0	22	0	15	2	110	4	12	28	14	0	0	0	32	0	1	0	82	ITS
SN083	2014-10-27	55.999883948704316	12.316207572289878	POLYGON((12.315953100000002 56.0000976,12.315828622246045 55.999745077687585,12.316458917631849 55.999675480902035,12.316583400000013 56.000028,12.315953100000002 56.0000976))	SN083	83	Maglemose	706779,85	6211031,45	LateWetPoor	LateWetPoor	Zeal	SN	Nordsj�lland	96,00	747,30	0,00	33,75	0,00	24,69	Organic	4,78	70,58	0,42	5,26	1851,77	47,85	2,66	12,54	0,21	75,10	3,33	2515,69	4,09	2,64	7,43	247,56	100,00	11,45	2,74	0,00	0,05	0,00	0,00	0,00	1	0,05	0,02	0,04	0	0	0,10	0,22	0,00	6,77	6,83	2,21	0,89	2,48	4,67	1,67	14,67	0,40	4	12	0	27	0	22	6	71	3	12	4	5	0	1	0	42	0	7	0	54	ITS
SN084	2014-10-27	55.98460805457586	12.292782959127589	POLYGON((12.292489499999988 55.9844117,12.293130205073453 55.984437216030436,12.293084605465879 55.98479551604725,12.292443899999967 55.98477,12.292489499999988 55.9844117))	SN084	84	Toggerup T�rvemose	705403,38	6209260,54	EarlyWetPoor	MidWetPoor	Zeal	SN	Nordsj�lland	97,62	773,00	3,00	52,50	0,00	7,56	Organic	5,78	72,15	0,71	9,73	5671,56	47,98	1,87	14,96	0,13	31,15	1,88	1353,45	4,13	2,22	7,54	5,95	100,00	0,00	1,04	0,00	0,02	0,00	0,00	0,00	1	0,02	0,00	0,00	0	0	0,01	0,00	74,70	7,35	7,49	2,25	0,79	2,86	4,33	3,00	9,33	0,70	4	12	1	26	0	19	6	16	0	2	0	3	0	2	0	32	1	11	0	33	ITS
SN085	2014-10-27	56.02263080556161	12.100339230885982	POLYGON((12.100497799999971 56.0223923,12.100755292874396 56.02272158122717,12.100166090045605 56.022865484035194,12.099908599999935 56.0225362,12.100497799999971 56.0223923))	SN085	85	Ellemose	693212,76	6212931,12	LateWetRich	MidWetRich	Zeal	SN	Nordsj�lland	38,12	708,60	18,00	10,00	0,00	24,50	Organic	3,88	75,59	0,31	3,89	949,78	45,25	2,82	9,17	0,31	118,48	9,93	3263,04	4,91	4,86	7,58	418,76	100,00	5,71	2,83	0,00	0,00	0,00	0,00	0,00	0	0,00	0,24	0,00	0	0	1,00	0,03	2123,91	8,55	6,47	4,52	0,77	5,86	20,00	6,00	31,67	1,33	3	41	0	30	0	33	6	111	3	13	10	14	0	1	0	35	0	9	0	87	ITS
SN086	2014-10-27	56.04417972096971	12.073399783078557	POLYGON((12.073607100000004 56.0439588,12.073800550072065 56.04430149283679,12.073187846343444 56.04440939587236,12.07299439999997 56.0440667,12.073607100000004 56.0439588))	SN086	86	Tisvilde Hegn	691428,45	6215259,4	LateDryPoor	Plantation	Zeal	SN	Nordsj�lland	100,00	708,60	40,00	25,00	0,00	0,88	Sand	4,15	20,42	0,50	5,65	2654,84	42,70	1,43	5,99	0,24	155,22	3,24	4827,70	4,43	3,59	5,21	829,48	23,75	23,05	2,77	0,00	0,14	0,00	0,00	0,00	1	0,14	0,00	0,03	10	2	0,07	0,14	0,00	5,55	5,45	3,47	0,98	3,56	63,33	41,67	66,67	15,00	3	26	0	23	0	13	2	96	2	16	5	5	0	1	0	29	0	4	0	57	ITS
SN087	2014-10-27	55.98725903484435	12.250859503099448	POLYGON((12.250416500000028 55.9873042,12.250781894593729 55.987008663707336,12.251309987766831 55.98721296596427,12.250944600000025 55.9875085,12.250416500000028 55.9873042))	SN087	87	Tibberup Holme	702774,4	6209432,3	LateDryPoor	Plantation	Zeal	SN	Nordsj�lland	31,59	773,00	47,50	1,75	0,00	6,38	Sand_clay	3,75	22,54	0,27	3,54	699,07	43,96	2,64	9,59	0,28	142,28	20,55	3696,10	4,24	3,91	5,41	618,76	0,00	17,05	2,75	0,00	0,00	0,00	0,00	0,00	0	0,00	0,08	0,00	0	0	0,09	0,00	35,99	5,83	4,41	4,74	0,91	5,21	9,33	8,00	23,33	5,67	3	33	0	15	0	11	2	114	1	12	21	11	0	0	0	28	0	2	0	62	ITS
SV088	2014-10-23	55.82659283162857	11.436229721534847	POLYGON((11.436245900000017 55.8263408,11.436682152791718 55.826603609311945,11.436218352554306 55.82684651105668,11.435782099999983 55.8265837,11.436245900000017 55.8263408))	SV088	88	Diesbjerg	652602,86	6189461,85	EarlyDryRich	EarlyDryRich	Zeal	SV	Vestsj�lland	43,21	669,60	3,25	3,75	0,50	9,06	Sand_clay	5,19	21,38	0,57	9,72	5284,42	45,13	2,35	15,19	0,16	399,91	48,70	6406,23	5,48	3,99	5,19	13,61	0,00	3,24	2,65	0,10	0,00	0,85	0,00	0,10	1	1,06	0,00	0,00	0	0	0,00	0,00	178,97	4,39	6,56	3,59	0,58	6,19	6,67	3,33	16,00	1,33	4	100	1	18	1	22	12	79	5	13	7	10	2	10	0	30	0	1	0	122	ITS
SV089	2014-10-23	55.736031058686095	11.283066623165531	POLYGON((11.283512200000018 55.7360228,11.283075089980912 55.73628499126917,11.282609383916224 55.736038893030454,11.283046499999955 55.7357767,11.283512200000018 55.7360228))	SV089	89	Eskebjerg Vesterlyng	643345,35	6179060,39	EarlyWetPoor	EarlyMoistPoor	Zeal	SV	Vestsj�lland	49,62	652,90	0,75	3,50	0,00	15,44	Sand	5,55	58,74	0,48	8,41	4352,43	44,82	1,96	12,53	0,16	194,95	21,45	5355,61	6,15	4,01	6,77	48,30	32,50	0,00	0,87	0,02	0,88	0,00	0,00	0,00	1	0,90	0,01	0,00	0	0	0,00	0,00	109,31	6,31	6,58	3,81	0,70	5,43	18,67	9,67	23,67	1,67	4	105	0	40	2	17	3	92	8	11	6	11	0	1	0	44	0	4	0	88	ITS
SV090	2014-10-23	55.72749540544416	11.275162386585237	POLYGON((11.275467599999956 55.7276813,11.27483052659909 55.72766107308033,11.274866426910307 55.72730247309079,11.275503500000013 55.7273227,11.275467599999956 55.7276813))	SV090	90	Eskebjerg Enghave	642880,93	6178095,34	EarlyWetPoor	EarlyWetPoor	Zeal	SV	Vestsj�lland	61,82	652,90	10,00	13,25	0,25	5,25	Sand	5,26	72,08	0,52	8,29	4965,73	46,35	1,99	14,86	0,14	5,67	29,07	361,62	5,18	2,42	7,34	76,08	9,38	0,00	0,00	0,24	0,00	0,27	0,00	0,00	1	0,51	0,00	0,00	0	0	0,00	0,00	114,34	7,18	5,82	2,18	0,63	3,48	5,67	2,00	13,33	0,37	3	33	0	13	0	11	3	47	1	4	2	13	4	5	0	28	0	4	0	73	ITS
SV091	2014-10-23	55.70521494203503	11.201681533364892	POLYGON((11.202122400000007 55.7051782,11.20174349309002 55.70546736210846,11.201230286488453 55.70525386424825,11.201609200000007 55.7049647,11.202122400000007 55.7051782))	SV091	91	Malles N�s	638344,24	6175468,45	EarlyWetRich	EarlyMoistRich	Zeal	SV	Vestsj�lland	99,65	617,60	0,00	13,75	0,00	8,13	Sand	4,99	63,72	0,56	8,27	3838,82	44,89	2,22	10,85	0,20	225,57	22,56	6635,31	5,82	4,52	6,93	4,82	63,75	0,00	0,00	0,05	0,00	0,01	0,00	0,00	1	0,06	0,00	0,00	0	0	0,00	0,00	40,15	6,09	6,91	3,70	0,62	6,00	9,67	7,33	23,33	2,33	3	63	1	20	0	4	1	52	4	12	7	4	0	1	0	29	0	1	0	64	ITS
SV092	2014-10-23	55.703681526752305	11.235800334135563	POLYGON((11.236243000000059 55.7036285,11.235894988168866 55.703930069835216,11.235359781353054 55.70373397216245,11.2357078 55.7034324,11.236243000000059 55.7036285))	SV092	92	Kaldred K�r	640495,14	6175364,01	EarlyWetRich	EarlyWetRich	Zeal	SV	Vestsj�lland	89,12	652,90	3,25	35,00	0,00	10,31	Sand	5,27	72,35	0,50	5,41	2964,11	44,09	2,12	13,31	0,16	153,75	13,93	3889,73	6,43	4,40	7,36	6,18	42,50	0,00	0,00	0,04	0,00	0,00	0,00	0,00	1	0,04	0,00	0,00	0	0	0,00	0,00	5,02	7,01	6,47	4,20	0,69	6,09	2,00	0,70	6,67	0,07	3	77	1	15	1	6	0	29	1	6	11	10	0	0	0	39	0	7	0	79	ITS
SV093	2014-10-23	55.8364748960882	11.423287769470909	POLYGON((11.423662199999967 55.8363327,11.423537457652174 55.83668512796937,11.42291035083963 55.83661513115859,11.423035099999993 55.8362627,11.423662199999967 55.8363327))	SV093	93	Skamleb�k	651753,42	6190535,86	EarlyDryPoor	MidDryPoor	Zeal	SV	Vestsj�lland	40,64	685,30	0,25	6,25	0,00	20,00	Sand_clay	7,80	16,00	0,83	8,92	2325,26	45,78	1,74	9,70	0,18	210,65	12,90	4750,25	4,50	3,05	4,99	284,98	11,25	0,00	1,42	0,00	0,02	0,00	0,00	0,00	1	0,02	0,00	0,00	0	0	0,00	0,00	7,94	4,74	6,61	2,98	0,65	4,55	8,67	2,67	33,33	0,07	3	35	0	9	0	8	0	54	0	7	5	4	0	0	0	30	0	3	0	68	ITS
SV094	2014-10-23	55.734727365952835	10.893529290301235	POLYGON((10.893082800000002 55.7347163,10.89356002716886 55.73447771434752,10.893966921992387 55.73473571569209,10.893489700000032 55.7349743,10.893082800000002 55.7347163))	SV094	94	R�sn�s Krat	618893,55	6178182,04	EarlyDryRich	MidDryRich	Zeal	SV	Vestsj�lland	21,42	599,60	9,00	0,50	0,00	16,50	Sand	4,66	25,66	0,48	7,81	2129,36	43,22	2,32	13,75	0,17	524,80	59,65	7537,64	6,68	4,24	5,27	54,59	0,00	4,60	2,72	0,02	0,00	0,00	0,00	0,00	1	0,02	0,20	0,00	0	0	0,11	0,00	30,11	4,69	5,78	4,93	0,73	6,79	2,33	1,00	5,67	0,07	4	114	2	11	0	21	5	116	9	11	8	10	2	11	0	27	4	1	0	89	ITS
SV095	2014-10-23	55.74078898866959	10.89732762248499	POLYGON((10.896909100000016 55.7408865,10.897146613053337 55.74055262048049,10.89773970594706 55.740686323336966,10.897502199999963 55.7410202,10.896909100000016 55.7408865))	SV095	95	R�sn�s	619111,64	6178860,67	Agricultural	Oldfield	Zeal	SV	Vestsj�lland	22,23	599,60	1,00	46,25	0,00	5,88	Clay	4,04	39,67	0,38	5,16	2460,25	43,23	2,83	5,26	0,57	246,94	106,10	582,26	6,33	5,94	5,87	2,44	0,00	0,00	0,00	0,12	0,00	0,16	0,00	0,00	1	0,28	0,00	0,00	0	0	0,00	0,00	166,85	4,90	6,36	5,05	0,81	6,21	36,67	9,67	53,33	2,67	1	40	0	11	0	13	1	28	0	18	1	9	0	4	0	21	0	6	0	73	ITS
SM096	2014-10-24	55.51613762286929	11.775979466612712	POLYGON((11.77633949999995 55.5162891,11.775711159141338 55.51633965137461,11.775621958221222 55.51598425143942,11.776250300000015 55.5159337,11.77633949999995 55.5162891))	SM096	96	Allindelille Fredskov	675263,8	6155726,35	LateDryRich	Hotspot	Zeal	SM	Midtsj�lland	58,61	681,10	88,75	0,00	0,00	0,00	Sand_clay	3,74	29,73	0,34	3,58	345,36	41,04	2,71	12,21	0,22	283,87	36,85	4510,28	7,64	5,12	5,57	1726,87	0,00	29,10	2,78	0,00	0,00	0,00	0,00	0,00	0	0,00	0,14	0,00	10	1	0,05	0,70	0,02	5,41	4,23	5,66	0,89	6,37	12,67	3,00	33,33	0,37	4	29	0	15	0	13	7	133	9	15	14	5	0	1	0	21	0	1	0	46	ITS
SM097	2014-10-21	55.37992904620658	11.55679001884761	POLYGON((11.556978800000024 55.3796928,11.557203958090895 55.38002858332227,11.55661345498595 55.38015638616761,11.55638829999998 55.3798206,11.556978800000024 55.3796928))	SM097	97	Suserup Skov	661990,47	6140046,84	LateDryRich	LateDryRich	Zeal	SM	Midtsj�lland	49,37	681,00	97,00	0,00	0,00	0,00	Sand_clay	3,56	19,20	0,37	2,79	196,05	41,54	3,11	12,75	0,25	157,22	33,54	2803,93	4,16	4,65	5,12	750,00	6,25	23,94	2,67	0,00	0,00	0,00	0,00	0,00	0	0,00	0,12	0,00	11	4	0,33	7,16	15,40	5,34	3,75	5,83	0,90	6,52	8,00	3,67	23,33	6,03	4	11	0	7	0	9	3	115	9	20	14	6	0	0	0	20	0	0	0	53	ITS
SM098	2014-10-21	55.38368008586959	11.594200180747004	POLYGON((11.593846900000017 55.3838314,11.593942347416487 55.383476184653375,11.594567440945525 55.38353038784173,11.594471999999996 55.3838856,11.593846900000017 55.3838314))	SM098	98	Broby Vesterskov	664333,86	6140552,9	LateDryRich	Plantation	Zeal	SM	Midtsj�lland	82,51	681,00	85,00	0,75	0,00	1,13	Sand_clay	3,71	29,09	0,36	3,27	276,18	40,55	3,65	14,41	0,26	303,01	53,24	2650,45	4,72	5,16	5,54	794,79	0,00	22,59	2,72	0,00	0,00	0,00	0,00	0,00	0	0,00	0,04	0,00	20	1	0,19	0,00	5,65	5,56	4,16	5,57	0,93	6,02	38,33	21,67	75,00	10,00	3	24	0	17	0	5	1	136	3	18	15	7	0	1	0	25	1	0	0	44	ITS
SM099	2014-10-24	55.56578080028172	11.884752527438312	POLYGON((11.88504940000007 55.5659695,11.884414874797926 55.56594591857605,11.88445657515365 55.56558711859019,11.885091099999954 55.5656107,11.88504940000007 55.5659695))	SM099	99	Avns�	681899,67	6161530,41	LateWetPoor	LateMoistPoor	Zeal	SM	Midtsj�lland	92,81	675,10	16,25	13,75	0,00	4,06	Organic	3,89	60,01	0,34	3,87	453,39	45,20	2,73	11,54	0,24	28,91	1,55	785,58	4,52	3,81	6,86	809,92	100,00	18,03	2,75	0,00	0,10	0,00	0,00	0,00	1	0,10	0,24	0,00	0	0	0,21	1,53	1,19	6,20	5,08	4,28	1,02	4,22	2,67	1,33	7,00	0,37	4	22	0	34	0	25	5	144	5	20	12	8	0	3	0	24	0	3	0	70	ITS
SM100	2014-10-24	55.55263359373208	11.883788682866058	POLYGON((11.883716100000015 55.5528848,11.883354397014159 55.552589189463,11.883876995803917 55.55238459168647,11.884238699999969 55.5526802,11.883716100000015 55.5528848))	SM100	100	Smuldmosen	681901,6	6160066,75	LateWetPoor	MidMoistPoor	Zeal	SM	Midtsj�lland	88,38	675,10	43,75	5,25	0,00	4,13	Organic	3,66	70,13	0,16	3,55	464,28	45,02	2,74	10,94	0,25	245,08	14,60	7884,58	4,94	4,37	7,29	788,38	100,00	11,70	2,77	0,00	0,10	0,00	0,00	0,00	1	0,10	0,10	0,01	2	1	0,25	1,27	2,09	6,91	5,41	4,77	0,89	5,33	2,33	1,00	5,00	0,67	3	58	0	50	1	23	3	158	6	15	19	12	0	5	0	34	0	13	0	105	ITS
SM101	2014-10-21	55.37737954897282	11.546727228303572	POLYGON((11.54680570000005 55.3771262,11.547161008111061 55.377423455660086,11.54663800684898 55.37762525789216,11.546282700000006 55.377328,11.54680570000005 55.3771262))	SM101	101	Frederikskilde Skov	661357,55	6139741,49	LateWetRich	LateWetRich	Zeal	SM	Midtsj�lland	69,80	674,00	37,50	2,00	0,00	5,19	Organic	3,20	73,66	0,19	2,57	113,63	43,33	3,47	11,48	0,31	221,08	14,00	6062,99	7,13	5,04	7,44	589,29	100,00	20,55	2,76	0,00	0,00	0,00	0,00	0,00	0	0,00	0,18	0,00	8	2	0,28	1,26	35,02	6,51	5,00	5,82	0,93	6,26	1,67	0,37	6,33	0,07	4	66	0	16	1	10	2	101	0	16	33	7	0	2	0	27	0	5	0	83	ITS
SM102	2014-10-21	55.38019589452454	11.536219958279975	POLYGON((11.535803100000066 55.3800967,11.536389415983876 55.3799618252944,11.53662681317519 55.38029492575428,11.536040500000013 55.3804298,11.535803100000066 55.3800967))	SM102	102	Kongskilde Friluftsg�rd	660681,65	6140028	Agricultural	Ley	Zeal	SM	Midtsj�lland	35,26	681,00	4,50	2,00	0,00	18,00	Clay	6,58	13,95	0,73	9,24	3736,89	41,84	4,46	6,29	0,72	282,34	96,63	12,02	6,07	6,74	4,89	2,15	0,00	0,00	0,00	0,00	0,00	0,92	0,00	0,00	1	0,92	0,00	0,00	0	0	0,00	0,00	1327,60	5,11	6,66	5,82	0,89	6,55	26,67	17,67	46,67	18,67	3	38	0	4	0	0	0	7	0	12	4	11	1	4	0	25	0	10	0	91	ITS
SM103	2014-10-21	55.315949949657295	11.534558234870245	POLYGON((11.534320100000059 55.3161706,11.534170384548247 55.31582120093418,11.534784380456927 55.31573600401306,11.534934099999987 55.3160854,11.534320100000059 55.3161706))	SM103	103	Fuglebjerg	660836,74	6132877,63	Agricultural	Field	Zeal	SM	Midtsj�lland	0,00	674,00	12,50	8,00	0,00	75,38	Clay	5,09	21,27	0,29	4,32	850,09	41,92	2,68	6,13	0,44	265,49	81,57	12,76	7,07	5,46	5,20	0,96	0,00	0,00	0,00	0,00	0,00	0,00	0,00	0,00	0	0,00	0,00	0,00	0	0	0,00	0,00	8876,08	4,78	7,02	6,42	0,99	6,52	78,33	73,33	82,67	71,67	3	36	0	7	0	0	0	0	0	13	1	21	0	0	0	19	0	5	0	48	ITS
SM104	2014-10-21	55.39915983124269	11.592481897407714	POLYGON((11.592194500000005 55.3993547,11.592139338791753 55.398996738803945,11.592769133586899 55.398965442039774,11.592824299999961 55.3993234,11.592194500000005 55.3993547))	SM104	104	Bimosen	664168,2	6142265,6	EarlyWetRich	MidMoistRich	Zeal	SM	Midtsj�lland	72,90	681,00	4,75	4,75	0,00	28,63	Organic	5,79	77,72	0,36	5,81	1618,75	44,70	2,22	14,69	0,15	169,51	18,92	4653,52	6,13	4,15	7,63	34,58	100,00	0,00	1,36	0,06	0,00	0,00	0,00	0,00	1	0,06	0,01	0,00	0	0	0,00	0,00	49,85	7,52	6,26	4,58	0,78	5,86	2,67	1,00	10,33	0,70	4	87	1	14	0	9	1	40	1	12	12	14	0	0	0	30	0	19	0	101	ITS
FF105	2014-10-30	55.12290474485021	10.247649650494875	POLYGON((10.247984200000019 55.1230721,10.24735603108968 55.123087480355714,10.247329130837443 55.12272828036164,10.247957300000053 55.1227129,10.247984200000019 55.1230721))	FF105	105	Svanninge Bakker	579564,46	6109181,42	LateDryRich	LateDryPoor	FLM	FF	Fyn	53,43	661,20	53,75	10,50	0,00	9,00	Sand	3,00	11,26	0,19	2,46	261,96	44,10	4,18	9,37	0,45	364,68	27,90	8146,91	4,50	5,02	4,75	1259,41	0,00	12,97	2,79	0,00	0,00	0,00	0,00	0,00	0	0,00	0,22	0,00	8	2	0,05	0,58	9,38	5,37	4,39	5,66	0,97	5,83	13,00	9,00	17,33	3,33	3	51	1	15	0	19	3	120	0	12	15	4	0	2	0	30	0	0	0	77	ITS
FF106	2014-10-30	55.12989710720961	10.24672272033683	POLYGON((10.246295499999974 55.1299406,10.24666164421933 55.129648540762076,10.247159238038194 55.12985244278914,10.24679309999999 55.1301445,10.246295499999974 55.1299406))	FF106	106	Hestebakke	579488,7	6109957,7	EarlyDryRich	EarlyDryRich	FLM	FF	Fyn	45,89	661,20	2,00	2,00	0,00	14,88	Sand_clay	5,20	19,67	0,46	9,31	4644,78	46,35	2,71	10,85	0,26	410,33	52,74	6802,87	4,96	4,18	5,11	39,74	0,00	5,61	2,88	0,05	0,00	0,02	0,00	0,00	1	0,06	0,00	0,00	0	0	0,00	0,00	936,70	4,46	6,49	3,81	0,65	5,87	3,33	1,33	7,67	0,37	4	85	0	11	0	15	1	78	0	12	8	4	1	3	0	29	0	10	0	110	ITS
FF107	2014-10-30	55.1333872488312	10.253419635925624	POLYGON((10.25378509999996 55.1335363,10.253166037686356 55.133600782792584,10.253053236504229 55.133246882896735,10.253672300000062 55.1331824,10.25378509999996 55.1335363))	FF107	107	Dalkildeg�rd	579910,1	6110351,9	LateDryRich	Plantation	FLM	FF	Fyn	51,64	704,60	1,50	2,00	0,00	47,50	Sand_clay	2,78	24,88	0,08	2,34	324,23	44,86	3,77	7,83	0,48	178,93	42,12	460,88	4,95	5,18	5,40	684,64	0,00	10,86	2,74	0,00	0,00	0,00	0,00	0,00	0	0,00	0,26	0,00	0	0	0,13	0,00	7,83	5,65	4,61	6,03	0,98	6,18	12,67	12,67	11,67	5,00	1	26	0	14	0	9	2	118	4	13	15	4	0	2	0	30	0	4	0	66	ITS
FF108	2014-10-30	55.12085255088083	10.317116145926553	POLYGON((10.31694600000003 55.1206163,10.317522324151469 55.12075947664659,10.317272225316401 55.12108867715873,10.316695900000013 55.1209455,10.31694600000003 55.1206163))	FF108	108	Igles�	583997,05	6109030,25	EarlyWetPoor	EarlyWetPoor	FLM	FF	Fyn	72,17	718,70	0,00	63,75	0,25	9,94	Organic	5,67	72,21	0,48	6,94	3018,82	46,84	1,84	11,59	0,17	52,72	2,94	2173,24	4,17	2,64	7,45	105,22	100,00	5,78	2,72	0,00	0,01	0,00	0,00	0,00	1	0,01	0,00	0,01	0	0	0,00	0,00	80,80	7,56	7,50	1,64	0,64	2,57	1,33	0,07	4,33	0,07	4	14	0	17	0	8	2	43	4	9	1	4	1	4	0	33	0	14	0	60	ITS
FF109	2014-10-30	55.10114447636295	10.499725632887783	POLYGON((10.499528000000055 55.1013744,10.499321410391417 55.10103501067811,10.499914607108508 55.10091681355997,10.500121199999967 55.1012562,10.499528000000055 55.1013744))	FF109	109	R�dme Svinehaver	595692,64	6107075,18	EarlyDryRich	MidDryPoor	FLM	FF	Fyn	29,54	732,60	2,50	12,50	0,25	3,63	Sand_clay	4,69	27,41	0,39	7,09	3051,98	44,39	2,12	9,92	0,21	208,12	35,36	5674,84	4,85	3,53	5,55	11,22	0,00	3,03	1,50	0,22	0,00	0,27	0,00	0,00	1	0,50	0,00	0,00	0	0	0,00	0,00	566,39	5,25	6,60	3,75	0,76	4,95	4,00	0,37	14,00	0,07	4	51	0	20	0	25	9	64	5	13	2	1	0	4	0	21	0	7	0	78	ITS
FF110	2014-10-30	55.12920598525824	10.368899411810801	POLYGON((10.369126599999959 55.1294281,10.368518970578748 55.129336164168805,10.368679771607617 55.12898876438049,10.369287399999962 55.1290807,10.369126599999959 55.1294281))	FF110	110	Skytteg�rd	587284,7	6110023,2	LateWetPoor	LateMoistPoor	FLM	FF	Fyn	72,91	760,00	6,25	4,50	0,00	34,31	Organic	3,66	63,62	0,22	3,03	593,33	47,00	2,93	16,18	0,18	233,93	13,69	6783,24	4,17	3,22	7,15	531,46	20,00	16,66	2,74	0,00	0,01	0,00	0,00	0,00	1	0,01	0,12	0,00	0	0	0,08	0,11	0,00	7,50	5,79	3,78	0,91	4,16	4,33	1,67	10,00	0,37	3	12	0	31	0	14	2	103	1	14	8	7	0	1	0	38	0	6	0	67	ITS
FF111	2014-10-30	55.13503990249178	10.368785325076397	POLYGON((10.368629100000021 55.1352798,10.368379125876231 55.13494984479049,10.36895632317146 55.1348069475178,10.369206299999973 55.1351369,10.368629100000021 55.1352798))	FF111	111	Nybo Mose	587265,05	6110673,05	EarlyWetPoor	MidMoistPoor	FLM	FF	Fyn	53,92	760,00	1,25	12,50	0,00	23,50	Organic	7,28	64,21	0,69	9,62	3526,53	47,30	2,36	15,14	0,16	126,57	6,25	3671,76	4,45	2,92	7,17	274,89	100,00	0,00	0,00	0,00	0,07	0,00	0,00	0,00	1	0,07	0,00	0,00	0	0	0,00	0,00	62,64	7,52	7,39	1,86	0,73	2,56	1,67	0,07	7,33	0,07	4	18	0	27	0	0	0	44	4	10	0	7	1	3	0	39	2	13	0	74	ITS
FF112	2014-10-30	55.151516205760664	10.451646279735247	POLYGON((10.451394800000003 55.1517227,10.451277326442096 55.1513696967453,10.451894822016698 55.15130259986606,10.452012299999978 55.1516556,10.451394800000003 55.1517227))	FF112	112	St�vningen	592504,2	6112615,35	EarlyWetPoor	MidWetPoor	FLM	FF	Fyn	67,51	734,90	0,00	30,50	0,00	31,81	Organic	6,66	63,97	0,51	8,32	1974,97	47,05	2,74	16,57	0,17	78,03	4,66	2529,62	4,71	3,53	7,12	442,01	100,00	0,00	0,00	0,00	0,01	0,92	0,00	0,00	1	0,93	0,00	0,00	0	0	0,00	0,00	244,11	7,54	6,88	2,51	0,76	3,30	1,03	0,37	3,33	0,07	4	33	0	23	1	3	0	41	4	17	1	3	0	4	0	40	1	9	0	82	ITS
FL113	2014-10-28	54.78046486379422	11.805124531455244	POLYGON((11.805432600000017 54.7806465,11.80480981990695 54.780635760601584,11.804828420066997 54.780276960604446,11.805451199999993 54.7802877,11.805432600000017 54.7806465))	FL113	113	Fuglsang Storskov	680392,01	6073973,93	LateDryPoor	Plantation	FLM	FL	Lolland	92,38	632,90	42,50	24,50	0,00	0,81	Clay	3,80	12,94	0,40	3,66	158,71	44,91	2,75	14,45	0,19	161,26	17,74	3376,01	4,12	4,64	4,77	1082,14	13,75	23,69	2,80	0,00	0,00	0,00	0,00	0,00	1	0,00	0,01	0,06	10	1	0,06	0,20	3,35	5,86	5,19	4,19	0,92	4,57	6,00	4,37	6,67	1,03	3	30	0	17	0	3	0	108	1	12	14	8	0	1	0	24	0	0	0	51	ITS
FL114	2014-10-28	54.78622644796131	11.811388367014354	POLYGON((11.811784799999941 54.7863341,11.811196730922916 54.78645369170885,11.810989328570486 54.78611459206253,11.811577400000033 54.785995,11.811784799999941 54.7863341))	FL114	114	L�gnor	680771,25	6074624	LateDryPoor	Hotspot	FLM	FL	Lolland	93,65	632,90	53,75	1,25	0,00	0,94	Sand_clay	3,92	16,92	0,38	4,11	980,54	45,37	2,87	9,65	0,31	231,03	15,44	5939,09	4,13	4,40	4,94	1546,88	28,75	21,05	2,66	0,00	0,01	0,00	0,00	0,00	1	0,01	0,16	0,00	9	2	0,19	0,47	11,80	5,37	4,19	4,75	0,86	5,51	7,67	3,67	18,33	1,03	4	52	0	17	0	14	3	180	5	16	15	9	1	3	0	22	0	2	0	53	ITS
FL115	2014-10-28	54.75458167896544	11.487209221940619	POLYGON((11.487148299999944 54.7548324,11.486775783625717 54.75454447096796,11.487274082724525 54.7543297730104,11.487646600000062 54.7546177,11.487148299999944 54.7548324))	FL115	115	Burs�	660056	6070319,7	Agricultural	Field	FLM	FL	Lolland	40,70	651,60	45,00	5,00	0,00	7,25	Clay	6,53	28,08	0,86	9,08	2704,59	43,07	3,84	14,90	0,26	420,11	112,11	517,78	6,53	5,69	5,45	8,16	0,00	0,00	0,00	0,00	0,00	0,00	0,00	0,00	0	0,00	0,00	0,00	0	0	0,00	0,00	0,00	4,83	7,44	6,81	1,03	6,60	50,00	50,00	46,67	53,33	3	26	0	1	0	0	0	3	0	18	1	13	0	2	0	27	0	9	0	57	ITS
FL116	2014-10-28	54.72476221335055	11.537117505941817	POLYGON((11.536827099999982 54.7245722,11.537448396105901 54.72459570274773,11.537407696442642 54.724954502761356,11.536786399999983 54.724931,11.536827099999982 54.7245722))	FL116	116	Fuglse Mose	663386,35	6067126	LateWetRich	LateWetPoor	FLM	FL	Lolland	67,32	640,70	16,25	10,50	0,00	19,19	Organic	4,32	70,74	0,26	5,13	1386,27	44,60	3,16	12,58	0,26	145,05	8,02	3410,23	5,97	4,96	7,27	1017,69	100,00	13,61	2,76	0,00	0,00	0,00	0,00	0,00	0	0,00	0,16	0,00	0	0	0,11	0,00	1,96	8,21	5,92	4,84	0,82	5,88	6,67	2,33	9,33	0,07	3	51	0	36	0	28	3	126	4	14	16	15	1	3	0	29	0	5	0	71	ITS
FL117	2014-10-28	54.73686141458932	11.550442844063497	POLYGON((11.550493200000005 54.7371094,11.550004923397637 54.73688637408304,11.550391223959082 54.73660447531082,11.550879500000065 54.7368275,11.550493200000005 54.7371094))	FL117	117	Skelsn�s	NA	NA	LateWetRich	LateWetRich	FLM	FL	Lolland	42,73	651,60	12,50	6,25	0,00	50,94	Organic	3,86	71,35	0,24	3,99	915,38	44,66	2,69	13,80	0,21	108,92	7,41	2323,44	6,03	4,47	7,31	889,40	100,00	14,98	2,87	0,00	0,00	0,00	0,00	0,00	0	0,00	0,12	0,00	0	0	0,08	0,00	11,23	8,73	6,35	5,26	0,83	6,35	7,00	3,00	9,33	1,00	2	27	0	16	0	13	0	134	4	15	20	13	0	2	0	45	1	7	0	51	ITS
FL118	2014-10-28	54.73681690204708	11.534996975248541	POLYGON((11.53504369999996 54.7365643,11.535429963644106 54.73684609390572,11.534941862935739 54.73706909586583,11.534555599999976 54.7367873,11.53504369999996 54.7365643))	FL118	118	S�holt	NA	NA	LateWetRich	MidWetRich	FLM	FL	Lolland	31,34	640,70	28,75	16,75	0,00	46,63	Organic	3,79	76,34	0,19	3,66	612,85	43,96	3,14	11,52	0,28	99,27	5,58	2261,02	5,85	5,04	7,51	178,46	100,00	6,09	2,88	0,00	0,00	0,00	0,00	0,00	0	0,00	0,23	0,00	0	0	0,00	0,00	84,17	8,69	6,13	5,53	0,88	6,32	8,67	4,33	11,00	1,37	2	26	0	26	0	20	2	95	5	14	15	5	0	7	0	31	0	18	0	66	ITS
FL119	2014-10-28	54.714593941635556	11.645597294757444	POLYGON((11.646028500000057 54.7145396,11.645701839405774 54.714845695674335,11.645171932939093 54.7146569979852,11.645498599999996 54.7143509,11.646028500000057 54.7145396))	FL119	119	Musse Mose	670416,15	6066245,09	EarlyWetRich	MidMoistRich	FLM	FL	Lolland	43,99	642,70	2,00	3,75	0,00	31,00	Organic	6,51	63,27	0,50	6,67	2158,20	44,18	2,14	12,29	0,18	262,17	21,53	5941,09	4,57	3,85	6,95	125,91	75,00	3,91	2,77	0,00	0,00	0,00	0,00	0,00	0	0,00	0,03	0,00	0	0	0,00	0,00	275,20	6,85	6,22	4,49	0,79	5,72	5,67	1,33	20,00	0,07	4	76	0	15	0	16	0	80	1	14	12	13	0	8	0	54	1	19	0	152	ITS
FL120	2014-10-28	54.74270349510723	11.599166472613497	POLYGON((11.59893139999997 54.7429153,11.598797122237102 54.742564431163295,11.599404818135667 54.74248693420144,11.599539100000015 54.7428378,11.59893139999997 54.7429153))	FL120	120	Hejrede S�	667308,25	6069259,5	Agricultural	Oldfield	FLM	FL	Lolland	48,52	640,70	4,25	2,00	0,00	10,06	Sand_clay	7,71	20,63	0,74	9,05	2191,57	43,38	2,39	6,89	0,36	564,69	96,62	5894,15	7,70	5,17	5,12	52,04	0,00	0,00	0,00	0,00	0,00	0,33	0,00	0,00	1	0,33	0,00	0,00	0	0	0,00	0,00	241,90	5,08	6,60	5,35	0,81	6,65	4,67	2,67	7,67	1,67	2	50	0	1	0	0	0	23	0	9	5	10	0	3	0	29	0	6	0	107	ITS
FM121	2014-10-20	54.980547729478054	12.538953088496104	POLYGON((12.539389000000028 54.980526,12.538984549540942 54.980800359030226,12.538506443509732 54.980568260905166,12.538910900000019 54.9802939,12.539389000000028 54.980526))	FM121	121	Klinteskov	726445,76	6098351,09	LateDryRich	LateMoistRich	FLM	FM	Moen	83,46	604,30	35,00	7,75	0,00	16,94	Sand	2,91	53,14	0,17	3,34	1130,78	42,23	3,97	10,22	0,43	208,94	22,95	5310,68	5,69	5,87	6,45	343,08	0,00	17,95	2,70	0,00	0,00	0,00	0,00	0,00	0	0,00	0,05	0,00	5	2	0,05	0,94	10,66	6,29	4,72	5,98	0,97	6,14	1,67	0,03	4,67	0,03	4	35	0	25	0	10	2	96	2	16	22	11	0	1	0	29	0	9	0	66	ITS
FM122	2014-10-20	55.054715543657665	12.270119224956694	POLYGON((12.270186599999988 55.0549655,12.269678741903249 55.05475396481749,12.270048042635267 55.0544630659351,12.270555899999977 55.0546746,12.270186599999988 55.0549655))	FM122	122	Ulvshale Klit	708858,69	6105766,04	EarlyDryPoor	EarlyDryPoor	FLM	FM	Moen	59,40	603,80	1,75	33,00	54,25	6,00	Sand	5,75	2,04	0,83	12,70	5256,90	45,12	1,91	4,87	0,40	72,78	57,08	91,58	5,89	3,50	4,26	7,60	0,00	0,00	0,00	0,00	0,00	1,43	0,00	0,00	1	1,43	0,00	0,00	0	0	0,00	0,00	56,55	3,70	6,84	2,69	0,54	5,00	11,33	4,00	20,67	0,70	4	28	0	13	0	13	4	29	0	8	2	10	0	8	0	25	0	7	0	79	ITS
FM123	2014-10-20	55.03992221162923	12.270212394652367	POLYGON((12.270191899999986 55.039671,12.270657868049739 55.039911487993976,12.270238168327523 55.040178489437714,12.269772200000034 55.039938,12.270191899999986 55.039671))	FM123	123	Ulvshale Hede	708942,2	6104123,36	EarlyWetPoor	EarlyMoistPoor	FLM	FM	Moen	79,31	603,80	3,50	13,00	0,00	13,25	Organic	5,08	50,35	0,57	9,13	3342,78	46,82	2,19	16,30	0,14	81,18	9,25	3035,27	4,32	2,65	6,33	85,03	33,75	0,00	1,31	0,00	0,00	0,00	0,14	0,00	1	0,14	0,00	0,00	0	0	0,00	0,00	237,10	6,62	6,45	3,26	0,79	4,14	8,00	2,33	20,00	0,07	4	55	0	33	0	10	2	64	1	10	3	11	1	1	0	34	0	11	0	70	ITS
FM124	2014-10-20	54.967517343648716	12.45146597483168	POLYGON((12.451192600000013 54.9677133,12.451131114181635 54.96735567084639,12.451754109182275 54.96732037403048,12.451815600000032 54.967678,12.451192600000013 54.9677133))	FM124	124	Busemarke Mose	720914,89	6096628,58	EarlyWetRich	EarlyMoistRich	FLM	FM	Moen	43,06	604,30	6,75	1,00	0,00	3,69	Sand	5,18	73,42	0,39	6,28	3241,73	42,81	3,47	11,38	0,31	300,27	40,33	7808,93	6,08	5,56	7,32	1,98	0,00	0,00	0,00	0,19	0,00	0,40	0,00	0,00	1	0,59	0,00	0,00	0	0	0,00	0,00	174,00	6,38	6,69	5,19	0,84	6,19	10,00	4,33	16,67	1,00	4	62	0	3	0	0	0	9	0	7	7	16	0	5	0	34	0	11	0	74	ITS
FM125	2014-10-20	54.96063739242231	12.455297983159229	POLYGON((12.45500160000006 54.9608257,12.454971267096198 54.96046679311391,12.45559566178872 54.96044939631259,12.455625999999938 54.9608083,12.45500160000006 54.9608257))	FM125	125	Busemarke S�	721199,1	6095874,45	EarlyWetRich	EarlyWetRich	FLM	FM	Moen	45,09	604,30	2,00	0,00	0,00	2,06	Sand_clay	4,68	66,91	0,42	6,06	3856,80	45,03	3,99	11,39	0,35	211,36	26,76	5474,75	5,61	6,28	7,05	0,57	0,00	0,00	0,00	0,13	0,00	0,00	0,00	0,00	1	0,13	0,00	0,00	0	0	0,00	0,00	35,37	7,06	7,03	5,89	0,92	6,42	15,00	3,67	21,67	1,00	4	62	0	1	0	0	0	14	0	12	3	16	0	2	0	32	0	11	0	83	ITS
FM126	2014-10-20	54.96472447482116	12.509709302611595	POLYGON((12.509445099999994 54.9649209,12.509366895973471 54.96456422184045,12.509988191151479 54.964519325007274,12.510066400000028 54.964876,12.509445099999994 54.9649209))	FM126	126	H�vblege	724661,43	6096492,24	EarlyDryRich	MidDryRich	FLM	FM	Moen	83,12	604,30	3,25	3,50	0,00	18,31	Sand_clay	4,81	16,68	0,34	4,29	817,19	44,72	2,71	11,87	0,23	488,42	62,09	8910,93	6,09	4,58	4,89	71,43	0,00	5,79	2,64	0,11	0,00	0,09	0,00	0,00	1	0,21	0,01	0,01	0	0	0,01	0,00	178,13	4,62	6,28	4,26	0,65	6,53	12,33	3,67	33,33	0,70	4	134	0	24	1	7	0	110	13	13	10	6	2	8	0	36	0	8	0	117	ITS
FM127	2014-10-20	54.96617570426765	12.53903213872519	POLYGON((12.538648299999977 54.9660502,12.53925015749121 54.9659505994167,12.53942365556884 54.96629609966365,12.53882180000005 54.9663957,12.538648299999977 54.9660502))	FM127	127	Times� Bjerg	726525,02	6096761,69	LateDryRich	LateDryRich	FLM	FM	Moen	91,32	604,30	73,75	1,75	0,00	4,38	Clay	3,65	19,33	0,38	4,22	362,09	41,52	3,00	13,83	0,22	213,01	16,19	3222,16	7,08	5,71	5,00	615,59	0,00	23,78	2,60	0,00	0,00	0,00	0,00	0,00	0	0,00	0,04	0,00	9	1	0,13	1,61	1,84	5,16	3,63	5,44	0,83	6,54	10,00	6,00	26,67	1,33	4	36	0	19	2	17	5	67	9	11	20	6	0	0	0	27	0	2	0	65	ITS
FM128	2014-10-20	54.9860496243878	12.526630643261303	POLYGON((12.526188400000024 54.9859995,12.52670742384862 54.9857977595315,12.527059019472972 54.986095560545415,12.526540000000068 54.9862973,12.526188400000024 54.9859995))	FM128	128	Jydelejet	725619,9	6098927,95	EarlyDryRich	Hotspot	FLM	FM	Moen	53,45	604,30	3,25	1,00	0,00	17,88	Clay	5,74	27,76	0,56	8,84	4130,21	45,52	2,67	13,21	0,20	281,24	29,99	4551,11	7,92	5,27	5,36	50,74	0,00	6,30	2,75	0,05	0,00	0,00	0,00	0,00	1	0,05	0,02	0,01	0	0	0,00	0,00	609,80	4,83	6,24	4,52	0,68	6,62	11,00	4,00	26,67	2,00	4	106	2	26	2	13	1	55	5	9	8	3	0	11	0	29	0	21	0	148	ITS
FM129	2014-10-20	55.02431292040837	12.299506524382473	POLYGON((12.299208000000021 55.0245008,12.299178500059838 55.024141868947915,12.299804094721594 55.02412497215633,12.299833600000056 55.0244839,12.299208000000021 55.0245008))	FM129	129	Hegnede Bakke	710898,02	6102471,64	Agricultural	Ley	FLM	FM	Moen	13,88	604,70	0,25	41,25	0,00	2,25	Clay	5,82	26,77	0,71	10,14	4018,05	42,49	2,92	3,57	0,84	164,50	45,51	6,26	6,59	5,97	5,32	2,27	0,00	0,00	0,00	0,00	0,00	0,00	0,00	3,89	1	3,89	0,00	0,00	0	0	0,00	0,00	86,75	5,15	6,67	5,29	0,85	6,24	5,33	2,70	13,33	0,70	1	21	0	4	0	0	0	26	0	7	1	8	0	1	0	21	0	10	0	70	ITS
FM130	2014-10-20	54.97295900967714	12.538925873094	POLYGON((12.538583399999993 54.9727981,12.539206091404367 54.97275728980031,12.539277190699408 54.97311468984178,12.538654500000007 54.9731555,12.538583399999993 54.9727981))	FM130	130	Lindebakker	726482,5	6097506,7	LateDryRich	Plantation	FLM	FM	Moen	100,00	604,30	85,00	2,50	0,00	1,25	Clay	2,99	22,53	0,26	2,86	414,22	43,15	3,23	13,59	0,25	128,18	24,18	1311,82	4,33	4,74	5,14	958,16	0,00	19,96	2,79	0,00	0,00	0,00	0,00	0,00	0	0,00	0,05	0,00	1	1	0,20	0,01	5,30	5,57	4,07	4,90	0,89	5,52	22,33	6,00	45,00	1,00	3	20	0	17	0	5	2	89	1	12	15	6	0	0	0	18	0	4	0	50	